Coral_ID,10532_105,10744_182,10845_78,11058_169,11318_91,11395_139,1154_88,12001_130,12019_114,12028_133,12446_62,12504_121,12585_158,13582_171,13676_115,13812_92,13920_123,13945_78,14763_71,15121_67,15554_118,15620_66,16134_150,16134_71,16404_119,16682_91,16799_74,17083_182,17094_203,17331_66,17523_132,17535_156,17883_133,17953_174,17965_101,18511_171,18513_149,18606_150,18706_121,18991_107,18991_116,19210_109,19307_84,19469_71,19510_126,19746_98,20075_84,20337_119,20337_155,20680_127,20833_125,21501_95,21526_77,21588_89,21715_132,22100_157,22770_186,23221_99,23623_102,23695_100,23702_80,24077_95,24151_174,24290_113,24290_155,25024_94,25065_65,25115_124,25202_82,25297_126,25868_141,26030_97,26102_147,26600_150,26600_74,27432_69,27572_76,27674_64,27775_90,28135_145,28135_152,28604_95,28768_163,29907_147,2992_81,30087_137,30367_180,30473_189,31177_200,31270_108,3170_149,36429_88,42541_193,4642_174,47901_97,5113_70,5589_87,5639_108,6052_104,6567_113,7357_85,73925_114,74581_179,7910_186,7910_90,8184_150,8873_94,98_113,10026_175,10868_162,12813_158,15134_123,16336_105,17835_141,18133_97,19297_162,20037_121,21802_95,22770_166,22979_144,23857_141,26236_175,28253_176,29315_95,2991_119,30403_107,30548_143,30683_137,31262_172,4448_115,4629_157,4629_79,4811_151,52178_140,5902_118,5902_159,7021_79,70401_157,7531_181,10291_168,12970_158,13298_109,13405_144,14300_210,17554_145,19511_131,2217_99,26297_64,27173_112,30987_65,3185_147,33876_135,39197_182,5572_131,7051_130,9369_167,10638_192,13152_132,13906_90,15554_82,19980_118,19980_152,21938_157,2201_160,2493_69,25269_163,26050_140,2608_97,27094_143,29863_107,5123_85,5426_113,8246_165,13352_127,14581_97,15787_82,19522_84,21002_72,21120_138,24465_77,25523_135,27779_64,28254_120,29776_87,5123_160,67001_197,72853_96,8512_139
3_PCLI_011,G:G,A:A,A:A,C:C,T:T,G:A,A:A,G:G,C:C,C:A,C:A,T:T,T:T,T:T,A:A,T:T,T:T,G:G,A:A,A:G,G:G,A:A,G:G,C:C,T:T,A:A,G:G,G:G,C:A,T:T,C:T,T:C,T:T,C:C,C:T,T:C,T:C,T:T,C:C,A:A,G:G,T:T,T:T,C:A,G:G,T:G,A:A,C:C,A:G,A:G,C:A,T:T,T:T,C:T,T:C,G:A,C:T,C:C,T:T,G:G,T:C,T:T,A:G,A:A,T:C,A:G,T:G,C:C,A:A,C:C,G:G,A:A,A:A,C:T,T:C,T:C,C:C,A:G,C:C,G:G,G:G,C:A,G:G,G:A,A:A,A:A,C:C,G:G,G:G,G:G,G:G,G:G,A:G,C:C,T:C,A:C,C:C,A:A,G:G,G:A,C:A,A:A,T:T,A:A,A:A,T:T,C:C,G:G,A:A,T:T,T:C,C:C,C:C,G:A,T:C,G:G,G:G,T:G,A:G,A:A,C:C,A:A,,C:C,T:T,A:A,C:C,C:C,G:G,T:T,A:A,C:C,G:G,G:G,C:C,A:A,A:A,T:C,C:C,A:A,T:C,T:T,A:G,G:G,C:T,T:T,A:A,G:G,G:G,G:A,C:C,G:G,C:A,C:C,T:T,A:C,G:A,C:C,A:A,T:T,T:G,T:C,A:A,C:C,C:T,C:C,G:G,T:C,C:C,A:A,G:A,G:A,A:G,G:G,A:A,A:A,T:C,A:A,T:C,C:T,C:T,G:G,C:A,C:T,T:C,T:T,T:C,G:G
3_PCLI_012,G:G,G:A,A:A,C:C,T:T,A:A,A:A,T:T,T:C,A:A,A:A,T:T,C:T,C:T,G:A,T:T,T:T,A:G,G:A,A:G,A:A,C:C,G:G,C:C,C:C,A:A,T:G,G:G,C:A,C:C,T:T,T:C,T:T,C:C,C:T,C:C,T:C,T:T,T:C,A:A,A:G,T:T,G:T,C:A,T:G,T:G,A:G,C:C,G:G,G:G,C:A,G:G,T:T,C:T,C:C,G:G,C:T,C:C,T:T,G:A,T:T,T:T,A:G,G:A,T:C,A:A,T:G,T:C,A:A,T:C,G:G,A:A,G:G,T:T,C:C,C:C,T:C,G:G,T:T,A:A,G:G,A:A,G:G,A:A,G:G,A:A,T:C,A:G,G:A,A:A,G:G,G:T,A:G,T:C,C:C,A:C,T:C,,A:G,A:A,A:A,A:A,C:T,G:A,A:A,C:T,T:C,A:A,G:A,T:T,T:C,C:C,T:C,G:A,C:C,G:G,G:G,G:G,A:A,A:A,A:C,A:G,G:G,C:C,C:T,A:A,C:C,C:C,G:A,T:T,A:A,C:C,A:G,A:G,C:A,A:A,G:A,T:C,T:C,G:A,T:C,T:T,A:G,G:G,C:C,T:T,G:G,A:G,T:G,G:A,A:A,A:A,C:A,C:C,T:T,A:C,G:A,T:T,A:A,C:C,G:G,T:T,A:G,A:A,C:C,A:A,A:G,C:C,C:C,G:G,G:G,G:A,A:G,G:G,C:C,A:G,T:C,G:A,C:C,C:T,T:T,A:G,A:A,T:T,C:C,C:C,C:C,T:G
BW5_PCLI_005a,G:G,A:A,A:A,T:T,T:T,A:A,A:A,G:G,C:C,A:A,C:A,C:T,C:T,C:T,A:A,T:T,T:T,G:G,G:A,A:G,G:G,A:A,G:G,A:C,T:T,C:A,G:G,G:G,A:A,T:T,C:T,T:T,T:T,T:C,T:T,T:C,C:C,T:T,C:C,A:A,G:G,T:T,T:T,C:A,T:G,T:G,G:G,C:C,G:G,A:G,A:A,G:G,T:T,T:T,T:C,A:A,C:T,C:C,T:T,A:A,C:C,T:T,A:G,G:A,T:C,A:G,G:G,C:C,C:A,T:C,A:G,A:A,G:A,T:T,C:C,C:C,C:C,G:G,T:C,G:G,G:G,C:C,G:G,G:A,G:A,G:A,C:C,G:G,A:A,G:A,A:A,G:T,A:A,C:C,T:C,A:A,C:C,A:A,G:G,G:A,A:A,A:G,C:T,A:A,A:A,T:T,C:C,A:A,G:A,C:T,T:T,T:T,T:C,G:G,C:C,,G:G,G:G,A:G,A:A,A:C,A:G,,T:T,C:T,A:A,C:C,C:C,G:G,T:T,G:G,C:C,A:G,G:G,C:A,A:A,G:A,C:C,T:C,G:A,T:C,T:T,G:G,G:G,C:C,T:T,G:G,A:G,T:G,G:A,A:C,A:A,C:A,T:C,G:T,C:C,G:A,T:T,A:A,T:T,G:G,T:C,A:G,A:A,C:T,C:C,A:G,T:C,A:C,G:G,G:G,G:A,G:G,G:G,C:A,A:A,C:C,G:A,C:C,C:C,C:T,G:G,A:A,C:T,C:C,C:C,T:C,T:T
6_PCLI_007,A:G,A:A,A:A,T:C,T:T,A:A,C:C,G:G,T:T,C:C,A:A,T:T,T:T,T:T,G:A,C:T,T:T,A:G,A:A,G:G,G:G,C:C,A:G,A:C,T:C,C:A,G:G,G:G,A:A,C:C,T:T,T:C,T:T,T:C,T:T,T:C,C:C,C:T,T:C,A:A,G:G,G:G,T:T,C:A,T:G,G:G,G:G,C:C,G:G,G:G,C:A,G:G,T:T,C:T,T:C,A:A,T:T,T:C,T:T,A:A,T:C,T:T,A:G,G:G,C:C,A:G,T:G,T:T,C:A,T:C,A:G,G:G,A:A,T:T,C:C,C:C,C:C,A:G,C:C,A:G,G:G,A:A,G:G,A:A,G:A,G:A,T:T,G:G,G:A,G:A,G:G,G:T,G:G,C:C,T:C,C:C,C:C,A:A,A:A,G:A,A:A,A:G,C:T,G:A,A:A,C:T,T:T,A:A,A:A,C:C,C:C,T:C,T:C,G:G,C:C,A:G,G:G,G:G,G:G,A:A,C:C,A:A,,T:T,C:T,A:A,C:C,A:C,G:A,C:T,A:A,C:C,A:A,A:A,,A:A,G:G,T:C,C:C,A:A,C:C,T:T,A:G,G:G,C:T,T:T,A:G,G:G,T:T,G:G,C:C,A:A,A:A,T:T,G:T,C:C,G:A,C:C,G:G,C:T,T:T,T:T,G:G,A:A,T:T,A:C,G:G,T:C,A:C,A:A,G:A,A:A,A:G,G:G,C:A,G:G,T:C,G:G,C:C,C:T,C:T,A:G,A:A,T:T,T:C,C:C,C:C,T:G
6_PCLI_008,G:G,G:A,G:A,T:C,T:T,A:A,A:A,G:G,C:C,C:C,C:A,T:T,T:T,T:T,A:A,T:T,T:T,G:G,A:A,G:G,A:G,A:A,A:G,A:C,C:C,A:A,G:G,G:G,C:A,C:T,T:T,C:C,C:T,C:C,T:T,T:C,T:C,T:T,C:C,G:G,A:A,T:T,G:G,C:A,T:G,G:G,G:G,C:C,A:G,G:G,C:A,T:T,T:T,C:T,T:C,G:A,C:T,C:C,T:T,G:A,T:C,G:T,A:A,A:A,C:C,A:G,T:T,C:C,C:C,T:T,A:G,A:A,G:G,C:T,T:C,T:C,T:C,G:G,C:C,G:G,G:G,A:A,G:G,G:A,A:A,G:A,T:T,G:G,A:A,G:A,G:G,T:T,G:G,C:C,C:C,C:C,C:C,G:A,G:G,A:A,C:C,A:G,T:T,A:A,A:A,C:T,T:C,A:A,A:A,C:T,T:T,C:C,C:C,G:G,,A:G,A:A,G:G,A:A,A:A,A:C,A:G,G:G,C:C,C:T,A:A,T:C,C:C,G:A,C:T,G:G,C:C,A:A,A:G,C:A,A:A,G:G,T:T,C:C,G:A,C:C,T:T,G:G,A:G,C:T,T:T,A:A,A:G,T:G,G:A,A:C,A:A,A:A,C:C,T:T,C:C,G:A,T:T,G:G,C:C,G:G,T:T,G:G,C:C,,C:C,G:G,T:C,A:C,A:A,A:A,A:A,G:G,G:G,C:A,G:G,T:C,A:A,C:C,C:C,T:T,A:G,C:A,C:T,T:T,T:T,C:C,G:G
6_PCLI_005,A:G,G:A,A:A,C:C,T:T,G:G,A:A,G:G,T:C,C:A,A:A,T:T,C:T,C:C,A:A,T:T,C:C,A:A,G:A,G:G,G:G,C:A,G:G,A:C,C:C,A:A,G:G,A:A,C:A,C:T,C:T,T:C,C:C,C:C,T:T,C:C,C:C,C:T,T:C,A:A,G:G,T:T,G:G,C:C,G:G,G:G,G:G,C:C,G:G,A:G,C:A,G:G,T:T,C:T,T:C,G:A,T:T,C:C,T:T,A:A,C:C,G:G,A:G,A:A,C:C,A:A,T:T,C:C,A:A,C:C,G:G,G:A,G:G,C:T,T:C,C:C,T:C,G:G,T:C,A:G,G:G,A:A,G:G,A:A,A:A,G:G,C:C,G:G,G:A,G:A,A:G,T:T,G:G,C:C,T:C,A:C,C:C,G:A,G:G,A:A,C:A,A:A,C:T,A:A,A:A,T:T,T:C,A:A,G:A,T:T,T:T,C:C,T:T,G:A,C:C,G:G,G:G,T:G,,G:A,C:C,G:G,A:A,C:C,T:T,A:A,T:C,A:A,G:G,T:T,G:A,T:C,A:G,A:A,C:C,A:A,G:G,T:T,T:C,G:G,C:C,T:T,G:G,A:G,T:T,T:T,A:A,G:G,T:G,G:G,A:C,G:A,A:A,C:C,T:T,C:C,A:A,T:T,A:G,C:T,G:G,T:C,G:G,A:A,T:T,C:C,A:G,C:C,C:C,G:G,G:A,A:A,A:A,G:G,A:A,A:A,T:C,A:A,C:C,T:T,C:T,A:G,C:A,T:T,T:C,C:C,C:C,T:G
Perfection_PCLI_003,G:G,G:A,A:A,C:C,T:T,A:A,A:A,G:G,T:C,C:C,C:A,T:T,T:T,C:C,A:A,T:T,C:T,G:G,G:A,G:G,G:G,A:A,A:G,A:C,T:C,C:A,T:T,G:G,A:A,T:T,C:C,T:C,T:T,C:C,T:T,T:T,C:C,C:T,C:C,A:A,G:G,T:T,T:T,A:A,T:G,G:G,A:G,C:C,,A:A,C:A,T:T,T:T,T:T,T:C,A:A,T:T,C:C,T:T,A:A,T:C,G:G,G:G,A:A,T:C,A:G,G:G,T:C,A:A,C:C,A:G,G:A,G:A,T:T,C:C,T:C,C:C,G:G,C:C,G:G,G:G,C:A,G:G,G:A,A:A,G:A,C:C,G:G,A:A,A:A,,G:T,A:A,C:C,C:C,C:C,C:C,G:A,A:G,A:A,C:A,A:G,T:T,G:G,A:A,C:T,C:C,A:A,A:A,T:T,C:C,C:C,T:T,A:A,T:T,G:G,G:G,G:G,G:G,A:A,C:C,G:G,G:G,C:C,T:T,A:A,C:C,A:A,G:A,T:T,G:A,C:C,G:G,G:G,,A:A,A:A,T:C,C:C,G:G,C:C,T:T,G:G,G:G,C:T,T:T,A:A,G:G,T:G,G:A,A:C,A:A,A:A,T:C,G:T,A:C,A:A,T:T,A:A,C:T,G:G,T:C,A:G,A:A,T:T,C:C,G:G,T:C,C:C,A:G,G:G,A:A,G:G,G:G,A:A,,C:C,G:A,C:C,T:T,T:T,G:G,A:A,T:T,C:C,C:T,T:T,T:T
Perfection_PCLI_004,G:G,G:A,A:A,T:C,C:T,G:A,A:A,G:G,C:C,A:A,A:A,T:T,T:T,T:T,A:A,T:T,C:C,A:G,,G:G,G:G,C:A,G:G,C:C,T:C,A:A,G:G,G:G,A:A,T:T,C:T,T:C,T:T,T:T,C:T,T:T,C:C,C:T,C:C,G:G,A:A,T:T,T:T,A:A,T:G,G:G,G:G,C:C,G:G,G:G,A:A,G:T,T:T,T:T,C:C,A:A,T:T,C:C,C:T,,C:C,G:T,G:G,A:A,T:C,G:G,G:G,T:T,C:A,T:C,G:G,G:A,G:A,C:T,T:C,C:C,C:C,A:G,C:C,G:G,T:G,A:A,G:G,A:A,A:A,G:A,C:C,G:G,G:G,G:G,G:G,T:T,G:G,T:C,T:C,C:C,C:C,G:A,A:G,G:A,C:C,A:G,T:T,A:A,A:A,T:T,T:T,G:A,A:A,T:T,T:C,C:C,C:C,G:G,C:C,G:G,A:G,G:G,A:G,A:A,C:C,A:A,,T:C,T:T,A:A,C:C,C:C,G:G,C:T,G:A,C:C,A:G,A:A,C:C,A:A,G:A,T:T,C:C,G:G,C:C,T:T,A:G,A:G,C:T,C:T,G:G,A:G,T:T,G:G,C:C,G:G,A:A,T:T,T:T,C:C,,T:T,A:A,C:T,G:G,C:C,A:A,C:C,C:T,C:C,A:G,C:C,C:C,G:G,A:A,A:A,G:G,G:G,A:A,A:A,C:C,A:A,T:C,C:T,C:T,G:G,C:A,C:C,T:T,T:T,T:C,T:G
Perfection_PCLI_005,G:G,A:A,A:A,T:C,C:T,A:A,A:A,G:G,T:C,C:C,C:A,T:T,T:T,C:T,A:A,C:T,T:T,G:G,A:A,A:G,G:G,C:A,G:G,C:C,T:T,A:A,G:G,A:G,A:A,C:T,T:T,T:T,T:T,C:C,T:T,T:C,C:C,C:C,C:C,A:A,G:G,G:G,T:T,C:A,T:T,G:G,G:G,C:C,G:G,G:G,C:A,G:G,T:T,C:T,C:C,A:A,C:T,C:C,C:T,A:A,C:C,G:G,A:G,G:A,T:C,A:A,G:G,T:C,C:A,T:T,A:G,A:A,A:A,T:T,C:C,C:C,C:C,A:A,T:C,G:G,G:G,A:A,G:G,A:A,A:A,A:A,T:C,G:G,G:A,G:A,G:G,T:T,A:A,T:C,C:C,A:C,C:C,A:A,A:G,G:A,C:A,A:G,C:T,G:A,A:A,T:T,T:C,G:A,A:A,T:T,C:C,T:C,T:C,G:A,T:C,G:G,A:G,G:G,A:G,A:A,C:C,A:G,,C:C,C:T,A:A,C:C,A:C,G:G,T:T,G:A,C:C,A:G,A:G,C:A,A:A,G:A,T:C,C:C,G:A,T:C,T:T,,G:G,C:T,C:T,A:A,A:A,G:G,G:G,A:C,G:G,A:A,C:C,T:T,C:C,G:G,T:T,A:G,C:T,G:G,C:C,G:G,A:A,T:T,A:C,A:G,T:C,C:C,A:A,G:G,A:A,A:A,G:G,A:A,,T:C,G:A,C:C,C:C,T:T,A:G,C:A,T:T,C:C,C:C,T:C,G:G
Perfection_PCLI_002,A:G,G:A,G:A,C:C,C:T,G:G,A:A,T:G,T:C,C:A,C:A,C:T,C:C,C:T,G:A,T:T,T:T,A:G,G:G,G:G,G:G,C:C,G:G,C:C,C:C,C:A,G:G,G:G,C:A,C:T,C:T,T:C,C:C,T:C,T:T,T:C,C:C,C:T,T:C,A:A,A:G,T:T,T:T,C:C,T:T,T:T,A:G,T:T,G:G,A:G,C:A,G:T,C:T,C:T,C:C,A:A,C:T,C:C,,A:A,C:C,G:G,A:G,G:A,T:C,A:G,G:G,C:C,C:A,C:C,A:G,A:A,A:A,T:T,C:C,C:C,C:C,G:G,C:C,A:G,G:G,A:A,T:G,G:G,G:A,G:A,T:C,G:G,G:G,G:A,A:A,G:T,G:G,C:C,T:C,C:C,C:C,G:A,A:G,A:A,A:A,A:G,C:T,A:A,C:A,T:T,T:C,G:A,A:A,T:T,T:T,C:C,T:C,A:A,C:C,G:G,G:G,G:G,A:G,A:A,C:C,G:G,G:G,T:T,T:T,A:A,C:C,A:A,G:A,T:T,G:A,C:C,G:G,A:G,C:C,A:A,G:A,C:C,T:C,G:G,T:C,T:T,G:G,G:G,,T:T,A:G,G:G,G:G,A:A,A:C,G:A,A:A,C:C,G:G,A:C,G:A,C:T,A:A,T:T,G:G,T:C,A:G,C:C,T:T,C:C,G:G,C:C,A:C,A:A,G:G,G:G,G:G,G:G,A:A,G:G,T:C,G:A,C:C,C:C,T:T,G:G,C:A,C:T,C:C,T:T,T:T,T:T
