Coral_ID,MatchMaker_Index,Site Name,Region,Latitude,Longitude,Origin,Facility,Status,Sample ID,101505_140,100165_73,100208_83,100241_95,100378_67,100398_124,100431_103,100543_158,100708_94,100902_89,100936_114,101016_161,101235_118,101463_80,101585_76,101615_127,102060_69,102120_99,102279_144,102338_154,102351_94,102653_99,102680_117,102768_114,103000_117,103412_84,103453_84,103514_160,103543_157,103589_137,103629_116,104163_108,104444_110,104657_87,104694_105,104876_104,104982_84,105180_95,105266_112,105267_116,105271_134,10535_143,105508_106,105590_104,105916_153,105990_88,106173_93,106185_106,106288_150,106336_179,106472_123,106768_71,107134_68,107217_73,107219_153,107232_142,107379_122,107419_70,107456_80,107628_125,107724_70,107797_102,108008_81,108748_176,109046_98,109119_74,109388_95,109411_112,109511_134,109530_92,109555_70,109623_96,109662_122,109692_83,109778_128,109798_69,110121_170,110215_121,110477_133,110499_124,110762_112,110875_159,110975_169,111095_79,111109_79,111212_88,111531_143,11157_74,111624_150,111726_92,111897_136,111899_67,111932_142,112030_78,112124_110,112247_82,112533_136,112708_95,112906_184,112969_87,112994_78,113002_169,113064_109,113107_156,113168_116,113183_73,113246_99,113282_73,113308_72,113309_122,113842_90,113958_83,114058_137,114077_75,114112_86,114330_116,114396_145,114556_140,114753_68,114946_79,115103_103,115160_90,115168_75,115363_159,115894_84,116587_115,116766_84,11725_68,117347_71,117928_107,118159_83,118182_77,118235_89,118460_91,118528_120,118538_117,11854_67,118831_159,119051_140,119119_104,119138_172,119154_104,119196_70,119341_70,119384_96,119455_127,119676_74,119786_80,119816_139,119881_125,120056_128,120070_162,120148_117,120239_85,120248_83,120309_78,120652_134,120663_88,120736_93,120764_72,120820_90,120897_103,120911_156,120964_97,121008_66,121050_155,121074_78,121120_101,121244_96,121319_77,121572_124,121796_66,121911_76,122022_92,12212_92,122135_67,12233_117,122435_90,122479_123,122547_142,122554_110,122642_74,122733_114,122834_131,122842_125,122953_115,12347_88,123881_156,124009_106,124135_121,124397_87,124558_95,124681_88
1160_CNAT_010,1,1160,Miami,25.7916,-80.0891,Rescue,,Dead,4378,A:G,C:C,A:A,,G:G,A:G,,T:T,T:T,,,,C:C,T:T,G:G,A:A,C:C,A:A,G:G,G:G,C:C,A:A,A:G,G:G,A:A,G:A,C:T,C:C,G:G,C:C,A:A,C:C,C:C,G:G,T:T,A:A,G:G,T:T,C:C,G:G,A:A,C:C,A:A,A:G,C:C,G:A,A:A,A:G,A:A,T:T,A:A,T:T,C:C,T:C,A:A,A:A,G:G,A:G,C:C,G:G,C:C,T:T,C:T,C:C,C:C,T:T,C:C,A:C,C:C,T:T,T:T,G:A,G:G,G:G,C:T,C:C,C:C,G:G,C:C,A:G,T:T,,A:A,C:A,C:C,G:G,G:G,C:C,T:T,C:C,T:T,C:C,G:G,G:A,T:T,A:A,C:C,A:A,C:C,T:T,C:C,G:G,G:A,G:G,C:A,G:A,G:G,A:A,G:G,G:G,T:T,T:T,G:G,C:C,T:G,G:G,C:C,G:G,G:G,C:C,G:G,G:G,G:G,A:A,C:C,T:T,C:C,C:C,T:T,G:G,C:C,C:C,T:T,A:A,C:C,C:C,T:T,T:T,C:C,C:C,,,,,G:G,,G:G,,T:T,G:G,G:T,C:C,A:A,A:A,,,G:G,,A:A,T:T,C:C,T:T,G:G,,A:A,A:A,A:A,G:G,,A:A,C:C,G:G,G:A,A:A,G:A,G:G,,G:G,,A:A,,C:C,T:T,T:T,A:G,A:A,A:G,G:G,A:G,C:C,C:C,T:G,T:T
1160_CNAT_011,2,1160,Miami,25.7916,-80.0891,Rescue,,Dead,4351,G:G,C:C,A:A,T:C,G:G,A:G,,T:T,T:T,,,,,G:T,G:G,A:A,C:C,,G:G,G:G,T:T,C:A,A:G,,,A:A,T:T,T:T,A:A,C:C,A:A,T:C,C:C,A:A,C:C,A:A,A:G,T:T,C:C,,G:A,C:A,A:A,G:G,C:C,A:A,A:A,G:G,C:A,T:T,G:A,T:T,T:C,T:T,A:A,A:A,A:G,A:G,C:C,G:G,C:T,T:T,C:C,C:C,C:C,C:T,,C:C,T:C,T:T,T:T,G:A,G:G,G:G,T:T,T:C,C:C,T:G,T:C,A:G,T:T,,A:A,A:A,A:A,G:G,G:G,C:C,C:C,,G:T,C:C,A:A,A:A,T:T,,C:C,A:A,C:C,C:C,C:C,A:A,A:A,A:G,A:A,G:A,A:A,A:A,A:G,G:G,T:T,C:T,G:G,C:C,G:G,G:G,A:A,T:G,G:G,T:C,G:G,,T:G,A:A,T:C,,C:C,C:C,C:C,G:G,C:C,T:C,,A:A,C:C,,T:T,T:T,T:T,T:T,T:T,G:G,,C:C,G:G,T:T,,C:C,,G:G,T:T,C:C,A:A,G:G,,C:T,A:G,C:C,A:A,T:T,C:C,T:T,G:G,T:T,A:G,G:G,A:A,G:G,T:C,A:A,C:C,G:G,A:A,A:A,G:A,G:G,,G:G,,,T:T,T:T,T:T,T:T,G:G,A:A,G:G,G:G,G:G,C:C,C:C,G:G,
1160_CNAT_015,3,1160,Miami,25.7916,-80.0891,Rescue,FLAQ,Alive,4364,A:G,C:C,A:A,T:C,G:G,A:G,A:A,C:T,C:T,T:T,G:G,A:A,C:T,G:T,G:G,A:A,C:C,G:G,A:G,A:G,C:T,A:A,G:G,G:G,A:C,G:A,T:T,C:C,G:A,C:C,A:A,T:C,C:C,G:A,C:C,A:A,G:G,T:T,C:C,G:A,A:A,C:A,,G:G,C:C,A:A,A:A,G:G,A:A,T:T,G:G,T:T,C:C,T:C,A:A,,A:G,A:G,C:C,G:G,C:T,T:T,C:T,C:C,C:C,T:T,,C:C,T:T,T:T,T:C,G:G,G:G,T:G,C:T,T:C,C:C,T:G,T:C,A:G,T:T,,A:A,A:A,C:A,G:G,G:G,C:C,T:C,A:C,T:T,T:C,G:G,A:A,G:T,C:A,T:C,A:A,T:C,C:C,C:C,A:G,G:A,G:G,A:A,G:A,A:A,A:A,A:G,G:G,C:T,C:T,G:G,C:C,,G:G,C:C,G:G,G:G,C:C,G:G,,G:G,A:A,T:C,T:T,C:C,C:C,T:C,T:G,C:C,T:C,T:T,A:A,C:C,T:C,T:T,,T:C,T:T,T:T,G:G,A:A,C:C,G:G,T:T,G:G,,,G:G,T:T,C:C,A:A,A:G,C:C,C:C,G:G,C:C,A:A,T:T,C:C,T:T,A:G,T:T,A:G,G:A,A:C,,C:C,A:A,C:C,G:G,A:A,A:A,G:A,A:G,A:A,G:G,G:G,G:A,T:T,C:C,T:T,T:T,G:G,A:A,A:A,G:G,,C:C,C:C,G:G,T:T
1160_CNAT_016,4,1160,Miami,25.7916,-80.0891,Rescue,FLAQ,Alive,4365,A:G,C:C,A:A,C:C,G:G,A:G,,T:T,C:C,,G:G,A:A,,T:T,G:G,A:A,C:C,A:G,G:G,G:G,T:T,A:A,A:A,G:G,A:A,A:A,T:T,T:C,A:A,C:C,A:A,C:C,C:C,G:G,C:C,C:A,G:G,T:T,C:C,G:G,A:A,C:A,G:G,G:G,C:C,A:A,G:G,G:G,C:A,T:T,G:G,T:T,C:C,,A:A,A:A,A:A,A:G,C:C,G:G,T:T,T:T,C:T,C:C,C:C,T:T,,C:C,C:C,T:T,C:C,G:A,G:G,G:G,C:C,C:C,C:C,T:G,T:C,A:G,C:T,,A:A,C:C,C:C,G:G,G:G,C:C,T:T,C:C,T:T,C:C,G:G,G:A,T:T,A:A,C:C,A:A,T:C,T:C,C:C,A:G,G:A,A:A,C:C,G:G,G:A,A:A,G:G,A:A,C:T,T:T,G:G,C:C,G:G,G:G,A:C,G:G,T:G,C:C,G:T,G:G,G:G,A:A,T:C,T:T,C:C,C:C,T:C,G:G,C:C,C:C,T:T,A:A,C:C,C:C,T:T,T:T,C:C,C:C,T:G,G:G,,C:C,G:G,T:T,,C:C,C:C,G:G,T:T,T:C,A:A,A:G,C:C,C:C,G:G,C:C,A:A,T:T,C:C,T:T,A:G,T:T,A:A,A:A,A:C,G:G,T:C,A:A,C:C,G:G,G:G,A:A,A:A,G:G,A:A,G:G,,A:A,T:T,C:C,,G:T,A:G,G:A,A:A,G:G,A:G,C:C,C:C,T:G,T:T
22_CNAT_003,5,22,Marquesas Keys,24.45938,-82.2556,Rescue,NA,Alive,716,A:A,C:C,A:A,C:C,G:G,A:G,,C:T,C:T,T:T,,A:A,T:T,G:T,G:G,A:C,C:C,A:A,G:G,G:G,C:T,A:A,G:G,G:G,A:C,G:A,T:T,C:C,A:A,C:C,A:A,C:C,C:C,G:G,C:C,A:A,G:G,T:T,T:T,G:G,G:A,C:A,A:A,A:A,C:C,G:A,A:A,G:G,A:A,T:T,G:A,G:G,C:C,T:C,A:A,A:A,A:G,G:G,C:C,G:G,T:T,T:T,C:C,C:C,C:C,T:T,C:C,A:C,T:C,T:T,C:C,G:A,G:G,T:G,C:T,C:C,C:C,G:G,C:C,A:A,C:T,C:C,A:A,A:A,A:A,G:G,A:G,C:C,T:C,C:C,T:T,C:C,A:G,A:A,T:T,A:A,C:C,A:A,T:T,T:C,C:C,A:G,G:A,G:G,C:A,G:G,G:G,A:A,G:G,,C:C,T:T,A:A,C:C,T:T,G:G,A:C,G:G,G:G,C:C,T:T,G:G,G:G,A:A,T:T,,C:C,C:C,T:T,T:G,C:C,T:C,T:T,A:A,C:C,C:C,T:T,T:T,C:C,C:T,G:G,G:G,A:A,C:C,G:G,C:C,G:G,C:C,C:C,G:G,T:T,C:C,A:A,A:A,C:C,C:C,G:G,T:T,A:A,C:T,C:C,T:T,G:G,T:T,A:G,A:A,C:C,G:G,T:C,A:A,C:C,G:G,G:G,A:A,G:G,G:G,A:A,G:G,G:G,A:A,T:T,C:T,C:T,G:T,A:G,G:A,A:A,G:G,A:G,C:C,C:C,T:G,T:T
23_CNAT_002,6,23,Marquesas Keys,24.46265,-82.2649,Rescue,NA,Alive,677,A:G,T:C,A:A,C:C,G:G,G:G,A:G,,C:T,T:T,G:G,A:A,C:T,T:T,G:G,C:C,C:C,A:G,G:G,G:G,T:T,A:A,G:G,G:G,A:A,G:A,T:T,C:C,G:G,C:C,A:A,C:C,C:C,G:G,,A:A,A:G,T:T,C:C,G:G,A:A,A:A,A:A,A:A,C:C,A:A,A:A,G:G,A:A,T:T,G:A,G:T,C:C,C:C,A:A,A:A,G:G,A:A,C:C,G:G,C:T,T:T,C:T,C:C,C:C,T:T,T:C,A:C,C:C,T:T,C:C,G:A,G:G,G:G,T:T,C:C,C:C,G:G,T:C,G:G,T:T,T:C,A:A,C:A,C:C,G:G,A:G,C:C,T:C,A:C,T:T,C:C,G:G,A:A,G:T,A:A,C:C,A:A,T:T,C:C,C:C,A:G,G:G,A:G,A:A,G:A,G:G,A:A,G:G,G:G,C:C,C:T,A:G,C:C,T:G,G:G,A:C,G:G,T:G,C:C,T:T,G:G,G:G,A:A,C:C,C:C,C:C,C:C,T:T,T:G,C:C,C:C,T:T,A:A,C:C,T:C,T:T,T:T,C:C,T:T,G:G,G:G,A:A,T:T,G:G,T:T,G:G,,T:T,G:G,T:T,C:C,A:A,A:A,C:C,C:T,G:G,C:C,A:A,T:T,C:C,T:T,G:G,C:T,G:G,A:A,A:C,G:G,T:C,A:A,C:C,A:G,G:G,A:A,G:A,G:G,A:A,G:G,G:G,G:A,T:T,C:C,C:C,T:T,A:A,G:A,A:A,,A:G,C:C,T:T,G:G,T:T
23_CNAT_003,7,23,Marquesas Keys,24.46265,-82.2649,Rescue,GA,Alive,664,G:G,T:C,A:A,C:C,G:G,A:G,,,,,,A:A,C:T,T:T,G:G,C:C,C:C,A:A,G:G,A:G,C:T,A:A,G:G,G:G,A:C,G:A,T:T,C:C,A:A,C:C,G:A,C:C,C:C,G:G,C:C,A:A,G:G,G:T,C:C,G:G,G:A,C:C,A:A,A:A,C:C,,G:A,G:G,A:A,T:T,G:G,G:T,C:C,T:C,A:A,,G:G,A:A,C:C,,C:T,G:G,C:T,C:C,C:C,T:T,C:C,C:C,T:C,T:T,C:C,G:G,,T:G,C:C,C:C,C:C,T:G,C:C,A:G,T:T,,A:A,A:A,C:A,A:A,G:G,C:C,T:C,C:C,T:T,C:C,G:G,A:A,T:T,A:A,C:C,A:A,T:T,T:C,C:C,G:G,G:A,A:G,A:A,G:A,G:A,A:A,G:G,G:G,C:T,T:T,A:G,C:C,T:G,G:G,A:C,G:G,G:G,C:C,T:T,G:G,G:G,A:A,T:C,T:T,C:C,C:C,T:T,T:G,C:C,C:C,T:T,A:A,C:C,C:C,T:T,T:T,C:C,C:C,G:G,G:G,A:A,C:C,G:G,,,C:C,T:T,G:G,G:T,C:C,A:A,A:A,C:C,T:T,G:G,C:C,A:A,T:T,C:C,T:T,G:G,T:T,G:G,A:A,A:C,G:G,C:C,A:A,C:C,G:G,G:G,A:A,G:G,G:G,A:A,G:G,G:G,A:A,T:T,C:T,T:T,T:T,A:G,A:A,A:A,G:G,A:G,C:C,C:C,G:G,T:T
23_CNAT_004,8,23,Marquesas Keys,24.46265,-82.2649,Rescue,FCRC,Alive,678,A:G,C:C,A:A,T:C,G:G,A:G,,,,G:G,,A:A,C:T,T:T,G:G,C:C,C:C,A:A,G:G,G:G,C:T,A:A,G:G,G:G,C:C,G:A,C:C,C:C,G:A,C:C,A:A,C:C,C:C,G:G,C:C,A:A,G:G,T:T,T:T,G:G,A:A,C:A,,G:G,C:C,A:A,A:A,G:G,A:A,T:T,G:G,T:T,C:C,T:T,A:A,,G:G,A:G,C:C,G:G,C:T,T:T,C:T,C:C,C:C,T:T,C:C,C:C,T:T,T:T,C:C,G:A,G:G,T:G,C:T,C:C,C:C,,C:C,A:G,T:T,,A:A,C:A,C:A,G:G,G:G,C:C,T:C,C:C,T:T,T:C,G:G,G:A,T:T,A:A,C:C,A:A,T:T,C:C,C:C,A:G,,A:G,C:C,G:A,G:A,A:A,G:G,G:G,C:T,T:T,G:G,C:C,G:G,G:G,A:C,G:G,T:T,C:C,G:G,G:G,G:G,A:A,T:T,T:T,C:C,C:C,T:T,T:T,C:C,C:C,T:T,A:A,C:C,C:C,T:T,C:T,C:C,C:C,T:T,G:G,A:A,C:C,G:G,,,C:C,C:T,G:G,T:T,C:C,A:A,A:A,C:C,C:C,G:G,T:C,A:A,T:T,C:C,T:T,G:G,T:T,G:G,A:A,A:C,,T:C,A:A,C:C,A:G,G:A,A:A,G:G,G:G,A:A,G:G,G:G,A:A,T:T,C:T,T:T,T:T,G:G,A:A,A:A,G:G,A:A,C:C,C:T,T:T,T:T
26_CNAT_001,9,26,Marquesas Keys,24.45928,-82.154,Rescue,OHDZ,Alive,415,A:A,C:C,A:A,T:C,G:G,G:G,A:G,T:T,,T:T,G:G,A:A,T:T,T:T,G:G,C:C,C:C,A:A,G:G,G:G,T:T,A:A,G:G,G:G,C:C,G:A,C:T,C:C,A:A,C:C,A:A,C:C,C:C,G:G,C:C,A:A,G:G,T:T,C:C,G:A,G:A,C:C,A:A,A:G,C:C,A:A,A:A,G:G,A:A,T:T,G:A,T:T,C:C,C:C,A:A,A:A,A:G,G:G,C:C,A:A,C:T,T:T,C:T,C:C,C:C,T:T,C:C,C:C,C:C,,C:C,G:A,G:G,G:G,T:T,C:C,C:C,G:G,C:C,A:G,T:T,T:C,A:A,C:C,A:A,A:A,G:G,C:C,C:C,C:C,T:T,C:C,G:G,A:A,G:G,A:A,C:C,A:A,T:C,T:C,C:C,G:G,G:A,A:G,C:A,A:A,G:G,A:A,G:G,G:G,C:T,T:T,A:G,C:C,G:G,G:G,A:C,G:G,G:G,C:C,G:G,G:G,G:G,A:A,T:T,T:T,C:C,C:C,T:T,T:T,C:C,T:C,T:T,A:A,C:C,C:C,T:T,,T:C,C:C,T:T,A:G,C:C,C:C,G:G,T:T,G:G,C:C,C:T,G:G,G:T,C:C,A:A,A:A,C:C,C:T,G:G,T:C,A:A,C:T,C:C,C:T,A:G,T:T,G:G,A:A,C:C,G:G,C:C,A:A,C:C,G:G,G:G,A:A,G:A,G:G,A:A,G:G,G:G,G:G,G:T,C:C,T:T,G:T,A:G,A:A,A:A,G:G,A:G,C:C,C:C,T:G,T:T
3_CNAT_001,10,3,Marquesas Keys,24.44634,-82.0374,Rescue,SWCR,Alive,288,A:A,C:C,A:A,C:C,G:G,A:G,A:G,T:T,,T:T,G:G,A:A,T:T,T:T,G:G,C:C,C:C,G:G,A:G,G:G,C:T,A:A,A:A,G:G,C:C,G:A,C:T,C:C,G:A,C:C,A:A,T:C,C:C,G:G,C:C,C:A,G:G,T:T,C:C,G:G,A:A,C:A,A:A,A:G,C:C,A:A,A:A,G:G,A:A,T:T,G:A,T:T,C:C,C:C,A:A,A:A,A:G,G:G,C:C,G:G,C:T,T:T,C:T,C:C,C:C,T:T,C:C,C:C,T:T,T:T,C:C,G:A,G:G,G:G,C:C,C:C,C:C,G:G,C:C,G:G,T:T,C:C,A:A,C:C,C:A,G:G,G:G,C:C,T:T,A:C,G:T,C:C,G:G,A:A,G:T,A:A,C:C,A:A,T:C,T:T,C:C,G:G,,G:G,A:A,G:A,A:A,A:A,G:G,G:G,C:C,T:T,G:G,C:C,T:G,G:G,A:C,G:G,G:G,C:C,G:T,G:G,G:G,A:A,T:T,C:C,C:C,C:C,T:T,T:T,C:C,C:C,T:T,A:A,C:C,C:C,T:T,T:T,C:C,C:C,G:G,A:A,A:A,C:C,G:G,T:T,G:G,C:C,T:T,G:G,G:T,C:C,A:A,A:A,C:C,T:T,G:G,T:T,A:A,C:T,C:C,T:T,G:G,C:C,A:G,A:A,A:C,G:G,T:C,A:A,C:C,G:G,G:G,A:A,G:G,G:G,A:A,G:G,G:G,G:A,T:T,C:T,C:T,G:T,G:G,A:A,A:A,G:G,G:G,C:C,C:C,T:G,T:T
3_CNAT_003,11,3,Marquesas Keys,24.44634,-82.0374,Rescue,JA,Alive,276,A:G,C:C,A:A,C:C,G:G,A:G,A:G,C:T,C:T,T:T,G:G,G:A,C:T,G:T,G:G,A:A,C:C,A:A,A:A,A:G,C:T,A:A,G:G,G:G,C:C,G:A,T:T,C:C,A:A,C:C,A:A,C:C,C:C,G:G,C:C,A:A,G:G,,C:C,G:G,A:A,A:A,A:A,A:A,C:C,A:A,G:A,G:G,A:A,T:T,G:G,G:G,C:C,T:C,A:A,A:A,A:G,A:A,C:C,G:G,C:T,G:T,C:T,C:C,C:C,T:T,C:C,C:C,,T:T,C:C,G:A,G:G,T:G,C:C,C:C,C:C,T:G,T:C,A:G,T:T,C:C,A:A,A:A,C:C,G:G,G:G,C:C,C:C,A:C,T:T,C:C,G:G,G:G,G:T,A:A,C:C,A:A,T:C,T:C,C:C,A:G,G:A,A:G,A:A,G:A,G:G,,G:G,G:G,C:T,T:T,G:G,T:C,G:G,G:G,C:C,G:G,G:G,C:C,T:T,G:G,T:G,A:A,C:C,T:T,C:C,C:C,T:T,T:G,C:C,C:C,T:T,A:A,C:C,C:C,T:T,T:T,C:C,T:T,G:G,G:G,A:A,T:C,G:G,T:T,G:G,C:C,T:T,G:G,G:T,C:C,A:A,A:A,C:C,C:T,G:G,T:C,,T:T,T:C,T:T,A:G,C:T,A:A,A:A,A:C,G:G,C:C,A:A,T:C,G:G,G:G,A:A,A:A,G:G,A:A,G:G,G:G,G:A,T:T,C:T,C:T,G:T,A:G,A:A,A:A,G:G,A:G,C:C,C:C,T:G,T:T
37_CNAT_001,12,37, Marquesas Keys,24.44682,-81.9871,Rescue,JA,Alive,1150,G:G,C:C,A:A,T:T,A:G,A:G,A:G,,C:T,T:T,,A:A,C:T,G:G,,A:C,T:C,A:G,G:G,G:G,C:T,C:C,G:G,G:G,C:C,,C:C,C:C,A:A,C:C,A:A,C:C,C:C,A:A,C:C,A:A,A:G,G:T,C:C,A:A,A:A,A:A,A:A,G:G,C:C,A:A,A:A,G:G,A:A,T:T,G:A,T:T,C:C,T:C,A:A,A:A,A:A,G:G,C:C,G:G,C:T,T:T,C:T,C:C,C:C,T:T,T:T,C:C,T:T,T:T,T:C,G:A,G:G,G:G,T:T,T:T,C:C,G:G,C:C,A:G,T:T,C:C,A:A,A:A,A:A,G:G,G:G,C:C,C:C,A:C,G:T,T:C,G:G,A:A,G:G,C:A,C:C,A:A,C:C,C:C,T:C,A:A,A:A,G:G,A:A,G:G,G:A,A:A,G:G,G:G,T:T,T:T,G:G,T:C,G:G,G:G,A:A,T:G,T:G,C:C,T:T,A:A,T:T,A:A,C:C,T:T,C:C,C:C,C:C,G:G,C:C,C:C,,A:A,C:C,T:C,T:T,C:T,T:T,T:T,G:G,G:G,A:A,C:C,A:G,T:T,,C:C,T:T,G:G,T:T,C:C,A:A,G:G,C:C,C:T,A:G,C:C,A:A,T:T,C:C,T:T,G:G,T:T,A:G,G:G,C:C,,C:C,A:A,C:C,G:G,A:A,A:A,G:G,G:G,A:A,G:G,G:G,G:G,G:T,C:C,C:T,T:T,G:G,A:A,A:G,G:G,G:G,C:C,C:T,G:G,T:T
38_CNAT_001,13,38,Marquesas Keys,24.45035,-81.9802,Rescue,,Dead,171,A:A,C:C,A:A,C:C,G:G,G:G,A:G,T:T,C:T,T:T,,A:A,T:T,G:G,G:G,A:C,C:C,G:G,A:A,G:G,C:C,C:C,G:G,G:G,C:C,,T:T,T:T,A:A,C:C,A:A,C:C,C:C,G:G,T:C,A:A,G:G,G:G,T:C,A:A,A:A,A:A,A:A,G:G,C:C,A:A,A:A,A:G,A:A,T:T,A:A,G:G,C:C,C:C,A:A,A:A,G:G,G:G,C:C,G:G,T:T,T:T,T:T,C:C,A:A,T:T,C:C,C:C,T:T,T:T,C:C,A:A,G:G,G:G,T:T,C:C,T:C,G:G,T:C,A:G,T:T,C:C,A:A,C:C,C:A,G:G,G:G,C:C,C:C,C:C,T:T,C:C,G:G,A:A,T:T,A:A,C:C,A:A,T:C,C:C,C:C,A:G,G:G,G:G,C:C,G:G,G:G,A:A,G:G,G:G,C:C,T:T,G:G,C:C,G:G,G:G,A:A,G:G,G:G,C:C,T:T,G:G,T:G,G:G,C:C,,C:C,C:C,T:C,G:G,C:C,C:C,T:T,A:A,C:C,C:C,T:T,T:T,C:C,T:T,G:G,A:A,A:A,C:C,A:A,T:T,G:G,C:C,C:C,G:G,G:T,T:T,C:C,A:A,,T:T,G:G,T:T,A:A,T:T,C:C,T:T,G:G,T:T,G:G,A:A,C:C,G:G,T:C,A:A,C:C,G:G,G:A,G:G,A:A,G:G,G:A,A:G,G:G,A:A,T:T,C:T,C:C,T:T,A:G,G:A,A:A,G:G,A:A,C:C,T:T,G:G,T:T
38_CNAT_002a,14,38,Marquesas Keys,24.45035,-81.9802,Rescue,OHDZ,Alive,138,A:A,T:C,A:A,C:C,G:G,A:G,A:G,T:T,,G:T,G:G,A:A,,T:T,G:G,A:A,C:C,A:A,G:G,G:G,C:T,A:A,A:G,G:G,C:C,G:A,T:T,C:C,A:A,C:C,A:A,T:C,C:C,G:G,C:C,A:A,G:G,T:T,C:C,G:G,G:G,C:C,,A:G,C:C,A:A,A:A,G:G,A:A,T:T,A:A,T:T,C:C,C:C,G:A,A:A,A:A,A:G,C:C,G:G,T:T,T:T,C:T,C:C,C:C,C:T,C:C,C:C,C:C,T:T,C:C,G:A,G:G,T:T,T:T,C:C,C:C,G:G,T:C,A:A,T:T,T:C,A:A,A:A,A:A,A:A,G:G,C:C,C:C,C:C,T:T,C:C,G:G,G:A,G:G,A:A,C:C,A:A,C:C,T:C,C:C,G:G,G:G,A:G,A:A,A:A,G:G,A:A,G:G,G:G,T:T,T:T,A:G,C:C,G:G,,A:C,G:G,G:G,C:C,G:T,G:G,G:G,A:A,T:C,T:T,C:C,C:C,T:T,T:T,C:C,C:C,T:T,A:A,C:C,C:C,T:T,T:T,C:C,C:C,T:G,G:G,A:A,C:C,G:G,T:T,G:G,,T:T,G:G,T:T,C:C,A:A,A:A,,C:C,G:G,C:C,A:A,T:T,C:C,T:T,A:A,C:T,G:G,A:A,C:C,G:G,T:C,A:A,C:C,G:G,G:A,A:A,G:G,,A:A,A:G,G:G,G:G,T:T,T:T,C:T,T:T,G:G,G:A,A:G,G:G,A:A,C:C,C:C,T:G,T:T
38_CNAT_002b,15,38, Marquesas Keys,24.45035,-81.9802,Rescue,OHDZ,Alive,1963,A:A,T:C,A:A,C:C,G:G,A:G,A:G,,,G:T,G:G,A:A,,T:T,G:G,A:A,C:C,A:A,G:G,G:G,C:T,A:A,,G:G,C:C,G:A,T:T,C:C,A:A,C:C,A:A,T:C,C:C,G:G,C:C,A:A,G:G,T:T,C:C,G:G,G:G,C:C,,A:G,C:C,A:A,A:A,G:G,A:A,T:T,A:A,T:T,C:C,C:C,G:A,A:A,A:A,A:G,C:C,G:G,T:T,T:T,C:T,C:C,C:C,C:T,C:C,C:C,C:C,T:T,C:C,G:A,G:G,,T:T,C:C,C:C,G:G,T:C,A:A,T:T,T:C,A:A,A:A,A:A,A:A,G:G,C:C,C:C,C:C,T:T,C:C,G:G,G:A,G:G,A:A,C:C,A:A,C:C,T:C,C:C,G:G,G:G,A:G,A:A,A:A,G:G,A:A,G:G,G:G,T:T,T:T,A:G,C:C,G:G,A:A,A:C,G:G,G:G,C:C,G:T,G:G,G:G,A:A,T:C,T:T,C:C,C:C,T:T,T:T,C:C,C:C,T:T,A:A,C:C,C:C,T:T,T:T,C:C,C:C,T:G,G:G,A:A,C:C,G:G,T:T,G:G,C:C,T:T,G:G,T:T,C:C,A:A,A:A,,C:C,G:G,C:C,A:A,T:T,C:C,T:T,A:A,C:T,G:G,A:A,C:C,G:G,T:C,A:A,C:C,G:G,G:A,A:A,G:G,G:G,A:A,A:G,G:G,G:G,T:T,T:T,C:T,T:T,G:G,G:A,A:G,G:G,A:A,C:C,C:C,T:G,T:T
38_CNAT_003,16,38,Marquesas Keys,24.45035,-81.9802,Rescue,,Dead,139,A:A,C:C,A:A,C:C,G:G,G:G,A:G,C:T,,,,A:A,T:T,G:G,G:G,C:C,C:C,G:G,G:G,G:G,C:C,C:C,G:G,G:G,C:C,,T:T,T:T,A:A,C:C,A:A,C:C,C:C,G:G,T:T,A:A,G:G,G:G,T:T,A:A,A:A,A:A,G:G,G:G,,A:A,A:A,A:G,A:A,T:T,A:A,T:T,C:C,C:C,A:A,A:A,G:G,A:G,,G:G,T:T,T:T,T:T,C:C,A:A,T:T,C:C,C:C,,T:T,C:C,A:A,G:G,G:G,T:T,C:C,T:T,G:G,T:C,G:G,C:T,C:C,A:A,C:C,C:A,A:A,G:G,T:T,C:C,A:A,T:T,C:C,G:G,A:A,T:T,A:A,C:C,A:A,T:C,C:C,C:C,G:G,A:A,G:G,C:C,G:G,G:G,A:A,G:G,A:A,C:T,T:T,G:G,C:C,G:G,G:G,A:A,G:G,G:G,C:C,T:T,G:G,T:T,G:G,C:C,T:T,C:C,C:C,T:C,G:G,C:C,C:C,T:T,A:A,C:C,C:C,T:T,,C:C,T:T,G:G,A:A,A:A,C:C,A:A,T:T,G:G,C:C,C:T,G:G,G:G,T:T,C:C,A:A,C:C,T:T,G:G,T:T,A:A,T:T,C:C,T:T,G:G,T:T,G:G,A:A,C:C,G:G,C:C,A:A,C:C,G:G,A:A,G:A,A:A,G:G,G:A,A:G,G:G,A:A,T:T,C:T,C:C,T:T,A:A,G:A,A:A,G:G,A:A,C:C,C:T,G:G,T:T
38_CNAT_005,17,38,Marquesas Keys,24.45035,-81.9802,Rescue,JA,Alive,199,G:G,C:C,A:A,C:C,G:G,G:G,A:G,,,T:T,G:G,A:A,C:C,T:T,G:G,A:C,C:C,G:G,G:G,G:G,C:T,C:A,A:G,A:G,A:C,G:A,C:C,C:C,A:A,C:C,A:A,T:C,C:C,G:A,C:C,A:A,A:G,T:T,C:C,G:A,G:G,A:A,A:A,A:A,C:C,G:A,G:G,G:G,A:A,T:T,G:A,T:T,C:C,C:C,G:A,A:A,A:G,A:G,C:C,G:G,C:T,T:T,C:T,C:C,C:C,T:T,C:C,C:C,T:C,T:T,C:C,G:G,G:G,G:G,T:T,C:C,C:C,G:G,C:C,A:G,T:T,C:C,G:A,A:A,C:A,G:G,G:G,C:C,C:C,C:C,G:T,C:C,A:G,,G:T,C:A,C:C,A:A,T:C,T:C,C:C,A:G,G:A,A:G,A:A,A:A,G:A,A:A,G:G,G:G,T:T,T:T,G:G,C:C,,G:G,A:A,G:G,T:G,C:C,T:T,G:G,G:G,A:A,C:C,C:C,C:C,C:C,T:C,T:G,C:C,C:C,T:T,A:A,C:C,T:C,T:T,T:T,T:C,T:T,G:G,G:G,A:A,C:C,A:G,T:T,G:G,C:C,T:T,G:G,T:T,C:C,A:A,A:G,,C:C,A:G,T:C,A:A,T:T,C:C,T:T,G:G,T:T,G:G,A:A,A:C,G:G,T:C,A:A,C:C,G:G,G:A,A:A,G:G,G:G,A:A,G:G,G:G,G:A,T:T,C:T,T:T,T:T,G:G,A:A,A:G,G:G,A:G,C:C,C:C,T:G,T:T
38_CNAT_006,18,38,Marquesas Keys,24.45035,-81.9802,Rescue,SWCR,Alive,201,A:A,C:C,A:A,T:C,G:G,A:G,A:G,,,T:T,,A:A,C:T,T:T,G:G,A:A,C:C,G:G,G:G,G:G,C:T,A:A,G:G,G:G,A:C,G:A,T:T,C:C,G:G,C:C,A:A,T:C,C:C,G:G,C:C,C:A,G:G,T:T,T:T,G:G,A:A,C:A,A:A,A:A,C:C,A:A,A:A,A:G,A:A,T:T,G:A,G:T,C:C,C:C,A:A,,G:G,G:G,C:C,G:G,T:T,T:T,C:T,C:C,C:C,C:T,C:C,C:C,C:C,T:T,C:C,G:A,G:G,G:G,C:C,C:C,C:C,G:G,C:C,A:G,T:T,C:C,A:A,C:A,C:A,A:A,G:G,C:C,T:T,A:C,T:T,C:C,A:G,A:A,G:G,A:A,C:C,A:A,T:T,C:C,C:C,G:G,A:A,G:G,C:A,G:A,G:A,A:A,G:G,G:G,C:T,T:T,G:G,C:C,G:G,A:A,A:A,G:G,G:G,T:T,G:T,G:G,G:G,A:A,C:C,T:T,C:C,C:C,T:T,T:G,C:C,C:C,T:T,A:A,C:C,C:C,T:T,T:T,C:C,T:T,G:G,G:G,,C:C,G:G,,G:G,C:C,T:T,G:G,G:T,C:C,A:A,A:A,C:C,C:T,G:G,C:C,A:A,T:T,T:C,T:T,G:G,T:T,G:G,A:A,C:C,G:G,C:C,A:A,C:C,G:G,G:A,A:A,G:G,G:G,A:A,G:G,G:G,G:A,T:T,C:C,T:T,T:T,A:G,A:A,A:A,G:G,G:G,C:C,C:T,G:G,T:T
38_CNAT_007,19,38,Marquesas Keys,24.45035,-81.9802,Rescue,SWCR,Alive,200,G:G,C:C,A:A,C:C,G:G,G:G,A:G,,C:T,T:T,G:G,A:A,C:C,G:G,G:G,C:C,T:C,G:G,G:G,G:G,C:T,C:A,G:G,G:G,C:C,,T:T,C:C,G:A,C:C,A:A,T:C,C:C,A:A,C:C,A:A,G:G,T:T,T:C,G:A,A:A,A:A,A:A,G:G,C:C,A:A,A:A,G:G,A:A,T:T,G:A,T:T,T:C,T:C,G:G,A:A,A:G,G:G,C:C,G:G,C:T,T:T,C:C,C:C,C:C,T:T,T:C,C:C,T:C,T:T,T:T,G:A,G:G,G:G,T:T,C:C,C:C,G:G,T:C,A:A,T:T,C:C,A:A,C:A,A:A,G:G,A:G,T:C,C:C,A:C,G:T,T:C,G:G,A:A,G:T,C:C,C:C,A:A,C:C,T:C,C:C,A:G,A:A,G:G,A:A,G:A,A:A,A:A,G:G,G:G,T:T,T:T,G:G,C:C,G:G,G:G,A:C,G:G,T:G,T:C,T:T,G:G,T:T,A:A,C:C,T:T,C:C,C:C,T:C,G:G,A:A,C:C,,A:A,C:C,C:C,T:T,,T:C,T:T,G:G,G:G,,C:C,G:G,T:T,G:G,C:C,T:T,G:G,T:T,C:C,A:A,G:G,,C:T,G:G,T:C,A:A,T:T,C:C,T:T,G:G,T:T,A:G,G:G,C:C,A:G,C:C,A:A,C:C,G:G,A:A,A:A,,G:G,A:A,G:G,G:G,G:A,T:T,C:T,T:T,T:T,G:G,G:A,A:G,G:G,G:G,C:C,C:C,T:G,T:T
38_CNAT_008,20,38,Marquesas Keys,24.45035,-81.9802,Rescue,FCRC,Alive,207,A:A,C:C,A:A,C:C,G:G,G:G,A:G,,,T:T,G:G,A:A,T:T,G:G,G:G,A:A,C:C,A:G,G:G,G:G,C:T,A:A,G:G,G:G,C:C,G:A,C:T,C:C,G:A,C:C,G:A,C:C,C:C,G:G,T:T,A:A,G:G,T:T,C:C,G:G,G:G,C:C,A:A,G:G,C:C,A:A,A:A,G:G,A:A,T:T,G:G,G:G,C:C,T:C,A:A,A:A,G:G,G:G,C:C,G:G,T:T,G:T,C:T,C:C,C:C,C:T,,C:C,,T:T,T:C,A:A,G:G,G:G,C:T,C:C,C:C,G:G,T:C,A:A,T:T,C:C,A:A,C:A,C:C,G:G,G:G,C:C,T:C,C:C,G:T,C:C,G:G,G:A,T:T,A:A,C:C,A:A,T:T,T:T,C:C,G:G,A:A,A:G,C:A,A:A,G:G,A:A,G:G,A:G,C:C,T:T,A:G,C:C,G:G,G:G,A:C,G:G,G:G,C:C,G:T,G:G,G:G,A:A,T:C,T:T,C:C,C:C,T:T,T:T,C:C,C:C,T:T,A:A,C:C,C:C,T:T,T:T,C:C,T:T,G:G,A:G,,T:C,G:G,,G:G,C:C,T:T,G:G,G:T,C:C,A:A,A:A,T:T,C:T,G:G,T:C,A:A,T:T,C:C,T:T,A:G,C:C,G:G,A:A,A:C,G:G,T:C,A:A,C:C,G:G,G:G,A:A,G:A,G:G,A:A,G:G,G:G,A:A,T:T,C:C,C:T,T:T,A:G,A:A,A:A,G:G,A:G,C:C,C:C,,T:T
