Coral_ID,MatchMaker_Index,Site Name,Region,Latitude ,Longitude,Origin,Facility,Status,Sample ID,TP10673_coralDLAB,TP11047_coralDLAB,TP11154_coralDLAB,TP11231_coralDLAB,TP11737_coralDLAB,TP11899_coralDLAB,TP1195_coralDLAB,TP12024_coralDLAB,TP12212_coralDLAB,TP1231_coralDLAB,TP12507_coralDLAB,TP12821_coralDLAB,TP13033_coralDLAB,TP1318_coralDLAB,TP13190_coralDLAB,TP13234_coralDLAB,TP13344_coralDLAB,TP13384_coralDLAB,TP13453_coralDLAB,TP13490_coralDLAB,TP13560_coralDLAB,TP13619_coralDLAB,TP13745_coralDLAB,TP13788_coralDLAB,TP13796_coralDLAB,TP13838_coralDLAB,TP13890_coralDLAB,TP14096_coralDLAB,TP14232_coralDLAB,TP14287_coralDLAB,TP14362_coralDLAB,TP1448_coralDLAB,TP14483_coralDLAB,TP14591_coralDLAB,TP14739_coralDLAB,TP14758_coralDLAB,TP14866_coralDLAB,TP15172_coralDLAB,TP15226_coralDLAB,TP15325_coralDLAB,TP15348_coralDLAB,TP1537_coralDLAB,TP15466_coralDLAB,TP15497_coralDLAB,TP15618_coralDLAB,TP15629_coralDLAB,TP15717_coralDLAB,TP15876_coralDLAB,TP15929_coralDLAB,TP15947_coralDLAB,TP1595_coralDLAB,TP15951_coralDLAB,TP1604_coralDLAB,TP16079_coralDLAB,TP16091_coralDLAB,TP16213_coralDLAB,TP16258_coralDLAB,TP16292_coralDLAB,TP16514_coralDLAB,TP16529_coralDLAB,TP16554_coralDLAB,TP1661_coralDLAB,TP16630_coralDLAB,TP169_coralDLAB,TP16998_coralDLAB,TP17107_coralDLAB,TP17392_coralDLAB,TP17591_coralDLAB,TP17688_coralDLAB,TP1774_coralDLAB,TP17887_coralDLAB,TP17981_coralDLAB,TP17993_coralDLAB,TP1805_coralDLAB,TP18106_coralDLAB,TP18336_coralDLAB,TP18434_coralDLAB,TP18542_coralDLAB,TP1866_coralDLAB,TP18781_coralDLAB,TP18886_coralDLAB,TP18899_coralDLAB,TP18979_coralDLAB,TP19027_coralDLAB,TP19128_coralDLAB,TP19145_coralDLAB,TP19236_coralDLAB,TP19382_coralDLAB,TP19668_coralDLAB,TP1975_coralDLAB,TP20079_coralDLAB,TP20199_coralDLAB,TP20236_coralDLAB,TP20324_coralDLAB,TP20345_coralDLAB,TP20461_coralDLAB,TP20774_coralDLAB,TP20815_coralDLAB,TP20904_coralDLAB,TP20944_coralDLAB,TP21027_coralDLAB,TP21034_coralDLAB,TP21359_coralDLAB,TP21404_coralDLAB,TP21629_coralDLAB,TP21663_coralDLAB,TP21851_coralDLAB,TP21852_coralDLAB,TP21867_coralDLAB,TP22042_coralDLAB,TP22114_coralDLAB,TP22310_coralDLAB,TP22461_coralDLAB,TP22715_coralDLAB,TP22795_coralDLAB,TP22802_coralDLAB,TP23014_coralDLAB,TP23088_coralDLAB,TP23180_coralDLAB,TP23193_coralDLAB,TP23198_coralDLAB,TP23343_coralDLAB,TP23372_coralDLAB,TP23480_coralDLAB,TP23518_coralDLAB,TP23724_coralDLAB,TP24041_coralDLAB,TP241_coralDLAB,TP24196_coralDLAB,TP2425_coralDLAB,TP24255_coralDLAB,TP24257_coralDLAB,TP24412_coralDLAB,TP2455_coralDLAB,TP24693_coralDLAB,TP2610_coralDLAB,TP2897_coralDLAB,TP299_coralDLAB,TP2995_coralDLAB,TP3059_coralDLAB,TP3190_coralDLAB,TP3207_coralDLAB,TP3499_coralDLAB,TP3558_coralDLAB,TP4017_coralDLAB,TP421_coralDLAB,TP4237_coralDLAB,TP4264_coralDLAB,TP4268_coralDLAB,TP4286_coralDLAB,TP4396_coralDLAB,TP4478_coralDLAB,TP4747_coralDLAB,TP4838_coralDLAB,TP4979_coralDLAB,TP5014_coralDLAB,TP5060_coralDLAB,TP5077_coralDLAB,TP5175_coralDLAB,TP5433_coralDLAB,TP5446_coralDLAB,TP5638_coralDLAB,TP5839_coralDLAB,TP5950_coralDLAB,TP6062_coralDLAB,TP6079_coralDLAB,TP623_coralDLAB,TP6238_coralDLAB,TP6314_coralDLAB,TP6389_coralDLAB,TP6422_coralDLAB,TP6691_coralDLAB,TP6751_coralDLAB,TP6815_coralDLAB,TP7133_coralDLAB,TP7246_coralDLAB,TP725_coralDLAB,TP7255_coralDLAB,TP7542_coralDLAB,TP7833_coralDLAB,TP7841_coralDLAB,TP7879_coralDLAB,TP8106_coralDLAB,TP8331_coralDLAB,TP8420_coralDLAB,TP8465_coralDLAB,TP9088_coralDLAB,TP9271_coralDLAB,TP9409_coralDLAB,TP9589_coralDLAB,TP9733_coralDLAB
10_DLAB_006,1,10,Eastern Marquesas Keys,24.46397,-81.9833,Rescue,FLAQ,Alive,294,G:A,G:G,C:C,C:C,C:T,G:G,G:G,T:C,G:A,T:C,G:G,T:T,T:T,G:A,T:C,C:T,,T:C,A:A,T:T,C:T,A:G,A:A,G:A,,A:A,G:A,T:G,C:A,C:C,,T:G,G:G,C:C,,T:T,C:C,C:C,T:T,A:A,C:C,G:G,C:C,G:A,G:G,C:C,G:A,G:G,C:C,T:T,A:A,T:T,G:G,,G:G,,A:A,T:T,G:A,,C:C,T:C,A:A,G:G,,A:G,,C:A,,,G:G,A:A,A:A,G:G,T:T,A:A,C:T,T:T,C:C,G:A,G:G,A:A,G:G,T:C,T:T,,C:C,C:C,T:C,A:A,G:G,G:A,C:C,A:A,,T:T,T:T,T:C,T:T,G:A,T:C,G:A,,G:G,A:A,C:A,T:T,G:G,G:G,G:G,T:T,C:C,G:G,G:G,G:G,A:A,C:T,G:A,G:G,,A:A,T:T,,A:G,G:A,C:C,C:C,T:C,A:A,C:C,T:T,A:A,G:A,T:T,G:A,T:T,G:G,,C:C,G:G,T:G,C:C,A:A,G:A,G:G,G:G,T:T,G:G,C:C,T:T,C:C,C:C,,C:C,,A:A,T:C,T:G,G:G,G:A,G:A,G:A,,A:A,T:T,,G:G,G:A,A:A,T:T,G:G,G:A,G:G,T:T,T:C,,C:A,T:T,C:T,G:G,C:C,C:C,T:C,G:A,C:C,A:A,G:G,T:C,G:G,G:G,G:A
10_DLAB_007,2,10,Eastern Marquesas Keys,24.46397,-81.9833,Rescue,Moody Gardens,Alive,299,G:G,G:A,,C:C,T:T,T:T,G:G,T:C,G:G,T:T,T:T,T:C,T:T,G:A,C:C,C:C,,T:T,A:A,G:G,C:C,G:G,G:G,G:G,,A:A,A:A,T:T,C:A,T:T,G:G,T:G,G:G,T:T,,T:T,C:A,C:C,T:T,G:G,C:C,G:G,C:C,G:G,A:A,C:C,G:G,G:G,,T:T,A:A,T:G,A:G,,G:G,,A:A,T:T,G:A,G:G,C:C,T:C,A:A,G:G,,A:G,,A:A,,C:C,G:G,,A:A,G:G,G:G,G:G,C:T,T:G,C:C,G:G,G:G,A:A,G:G,T:C,C:C,T:G,C:C,C:C,T:T,A:A,G:G,A:A,T:T,G:G,,T:C,T:C,T:C,G:G,G:G,T:T,G:A,,T:G,A:A,A:A,T:T,G:A,A:A,G:G,T:C,C:C,G:G,G:G,A:A,A:G,C:T,G:A,G:G,,A:A,T:T,,G:G,A:A,C:C,C:C,T:C,A:A,C:T,T:T,C:A,G:G,T:T,G:A,T:T,G:A,,C:C,G:G,G:G,C:C,A:A,A:A,A:A,G:G,C:C,T:T,C:C,,C:C,C:C,G:A,T:C,,A:A,C:C,G:G,G:G,G:A,A:A,G:A,,G:G,T:T,,G:G,G:G,A:A,C:C,G:G,G:G,G:G,T:T,C:C,,C:A,T:C,C:C,A:A,T:T,T:T,T:T,G:G,C:C,G:G,G:G,C:C,,G:G,G:A
10_DLAB_011,3,10,Eastern Marquesas Keys,24.46397,-81.9833,Rescue,FCRC,Alive,296,G:A,G:G,C:C,C:C,C:T,G:G,,C:C,A:A,T:T,T:T,T:T,T:G,G:A,T:C,C:C,,,G:G,,C:T,A:G,G:G,G:A,,A:A,A:A,T:T,C:A,T:T,T:G,G:G,G:G,C:C,,T:T,C:A,C:C,T:C,G:G,C:T,G:G,T:C,A:A,G:A,C:C,A:A,G:G,C:C,T:C,A:A,T:G,A:G,,G:G,,A:A,T:T,G:A,G:G,C:C,T:C,A:A,,,G:G,T:T,C:A,A:A,C:C,G:G,,A:A,G:G,G:G,G:A,C:T,T:T,C:A,G:G,G:G,G:A,G:G,T:C,T:C,G:G,C:C,C:C,T:C,C:A,G:G,A:A,T:T,G:G,,C:C,T:C,T:C,G:G,G:A,C:C,G:A,,T:T,A:A,A:A,T:C,G:A,A:A,G:G,C:C,C:A,G:G,T:T,G:G,G:G,T:T,G:A,A:A,,G:A,,,A:G,G:G,C:C,T:C,T:T,A:A,C:T,T:T,A:A,G:G,T:T,G:A,T:T,G:A,,C:C,G:G,G:G,C:C,A:A,A:A,G:A,G:G,T:C,G:G,C:A,T:T,C:C,T:C,G:A,C:C,,A:A,C:C,G:G,A:A,G:A,A:A,G:A,,A:A,T:T,,A:G,G:G,A:A,T:T,G:G,G:G,,,C:C,G:G,C:A,T:T,C:T,G:A,C:T,T:C,T:T,G:A,C:C,A:A,G:G,C:C,G:G,T:T,G:G
1160_DLAB_009,4,1160,Miami,25.7916,-80.0891,Rescue,FLAQ,Alive,4358,G:G,G:G,C:C,C:C,C:T,G:G,G:G,T:T,A:A,T:T,T:T,T:C,T:T,G:A,T:C,C:C,G:G,T:C,G:A,G:G,C:T,A:G,G:G,A:A,,A:A,G:G,T:T,C:A,T:T,G:G,T:G,G:G,C:C,G:G,T:T,A:A,C:C,T:C,A:A,C:C,G:G,C:C,G:G,G:A,C:A,,G:G,C:C,T:T,A:A,T:G,A:G,,G:G,,C:A,T:T,G:G,,C:A,T:C,,G:A,,G:G,T:T,C:A,C:C,C:C,A:A,A:A,A:A,G:G,T:T,G:A,C:T,T:G,A:A,A:A,G:A,A:A,G:G,C:C,T:C,T:T,C:C,C:C,T:C,C:C,G:G,G:G,,G:A,G:A,C:C,T:C,C:C,G:G,G:A,T:C,G:A,,T:G,A:A,A:A,T:C,A:A,G:A,G:G,T:T,C:C,G:G,G:G,G:G,A:G,T:T,G:A,G:A,,A:A,C:C,G:G,G:G,G:A,T:C,T:C,T:T,G:A,C:T,,A:A,G:G,T:T,G:G,,A:A,,C:C,G:G,,C:C,A:A,G:A,G:A,G:G,C:C,G:G,A:A,G:G,T:C,T:C,,C:C,A:G,A:A,T:C,G:G,G:A,G:A,G:A,G:A,,A:A,T:C,A:A,G:G,,A:A,T:T,G:G,G:G,G:G,T:C,T:T,A:A,C:A,T:T,C:T,A:A,C:T,T:C,T:T,,C:C,A:A,G:G,C:C,G:G,T:T,G:A
22_DLAB_001,5,22,Marquesas Keys,24.45938,-82.2556,Rescue,GA Aquarium,Alive,704,G:G,G:G,C:C,C:C,T:T,G:G,G:G,C:C,G:A,T:C,T:T,T:T,T:T,G:G,T:C,C:C,,T:T,G:A,T:T,C:T,,A:A,G:A,,A:A,G:A,T:T,A:A,T:T,G:G,G:G,G:G,T:C,,T:T,C:C,C:C,T:T,A:A,C:C,G:G,T:C,A:A,G:A,C:C,G:G,G:G,C:C,T:T,A:A,T:G,A:G,,G:G,,A:A,T:T,G:G,G:G,C:C,T:C,C:A,G:G,,A:G,T:T,C:A,A:A,T:C,G:A,,G:A,G:G,,G:A,C:T,T:T,A:A,G:G,G:G,G:A,G:G,C:C,T:C,T:T,C:C,C:C,T:C,C:A,G:G,G:G,C:C,A:A,,C:C,T:T,T:C,G:G,G:G,T:C,G:A,,G:G,G:G,C:A,T:T,G:A,A:A,G:G,T:T,C:C,G:G,T:T,G:G,A:G,C:T,G:G,,,G:A,T:T,,A:G,A:A,C:C,T:T,C:C,,C:T,T:T,A:A,A:A,T:T,A:A,T:T,G:G,,C:C,G:G,T:G,C:C,A:A,G:G,G:G,G:G,T:C,G:G,C:A,G:G,C:C,C:C,G:A,C:C,,C:C,C:C,G:G,G:A,G:A,A:A,G:A,,G:G,T:C,,A:G,G:G,G:A,T:T,G:G,G:G,,,C:C,,C:A,T:T,C:C,A:A,C:C,,T:T,G:G,C:C,A:A,G:G,C:C,G:G,T:G,G:G
22_DLAB_003,6,22,Marquesas Keys,24.45938,-82.2556,Rescue,FLAQ,Alive,718,G:G,G:G,C:C,T:C,T:T,T:T,G:G,C:C,A:A,T:T,T:T,T:T,T:T,G:A,T:C,T:T,,T:C,G:A,T:T,C:T,G:G,G:G,G:A,,A:A,A:A,G:G,A:A,T:T,G:G,T:G,G:G,C:C,,T:T,C:C,T:T,T:T,G:A,C:T,G:G,C:C,G:G,A:A,,G:A,G:G,C:C,T:T,A:A,T:G,A:G,,G:G,,A:A,T:T,G:A,G:G,C:A,T:C,A:A,A:A,,A:G,T:T,C:A,A:A,C:C,G:A,A:A,A:A,A:G,G:G,G:G,C:T,T:T,C:C,G:A,G:G,G:A,G:G,T:T,,G:G,C:C,,T:C,A:A,G:G,A:A,T:T,A:A,,T:C,T:T,T:C,G:G,G:G,T:T,A:A,,T:G,A:A,A:A,T:T,A:A,G:G,G:G,T:C,C:C,G:G,T:T,G:A,A:G,C:T,G:A,,,G:G,C:C,,G:G,G:A,T:C,C:C,T:T,A:A,C:T,T:T,C:A,G:G,T:T,G:G,T:T,A:A,,C:C,G:G,G:G,C:T,A:A,G:A,G:G,G:G,T:T,G:G,C:C,,T:C,C:C,G:A,C:C,,A:A,C:C,T:G,G:G,G:A,A:A,G:G,,G:G,T:C,,G:G,G:G,A:A,T:T,G:G,G:G,,C:C,,,A:A,T:C,C:C,A:A,C:C,,T:T,G:G,C:C,A:A,G:G,C:C,G:G,T:G,G:G
22_DLAB_007,7,22,Marquesas Keys,24.45938,-82.2556,Rescue,FLAQ,Alive,723,G:A,G:A,C:C,T:C,C:T,,G:G,T:T,A:A,T:C,T:T,T:T,T:T,A:A,T:C,C:T,,T:C,A:A,,T:T,,G:G,A:A,,A:A,G:G,T:G,A:A,T:T,G:G,T:G,G:G,T:T,,T:T,C:C,C:C,T:T,G:A,C:T,G:G,C:C,A:A,G:G,C:C,G:G,G:G,C:C,T:C,A:A,T:G,,,A:G,,C:A,T:T,G:G,G:G,C:C,T:C,C:A,G:A,,G:G,,A:A,A:A,T:C,G:A,,G:A,G:G,G:G,G:A,C:T,T:T,C:C,G:G,G:G,G:A,G:G,T:T,C:C,,C:C,C:A,T:C,C:C,G:G,A:A,T:C,G:G,,T:T,T:C,T:C,G:G,G:A,T:C,G:A,,T:T,A:A,A:A,T:T,G:G,A:A,G:G,T:T,C:C,G:G,T:T,A:A,,T:T,G:G,G:G,,A:A,T:T,,A:A,A:A,C:C,T:T,T:T,A:A,C:T,T:T,C:A,G:G,T:T,G:A,T:T,G:G,,C:C,G:G,G:G,C:C,A:A,G:A,,G:G,T:T,G:G,C:C,,C:C,C:C,,T:C,,C:A,T:C,G:G,G:G,G:A,G:A,A:A,,G:A,C:C,,A:A,G:G,A:A,T:T,G:G,G:A,G:G,C:C,T:C,,C:A,T:T,C:T,A:A,C:C,T:T,T:C,G:A,C:C,A:A,A:G,T:C,G:G,T:T,G:A
23_DLAB_001,8,23,Marquesas Keys,24.46265,-82.2649,Rescue,National Aquarium,Alive,665,G:G,G:G,C:C,T:C,C:T,,G:G,T:C,A:A,T:T,T:T,T:T,T:T,G:A,C:C,C:T,,T:T,A:A,T:T,C:C,G:G,,G:A,,A:A,A:A,T:G,A:A,T:T,G:G,G:G,A:G,C:C,,T:T,C:C,C:C,T:C,G:A,C:T,G:G,C:C,A:A,G:G,C:C,A:A,A:G,C:C,T:C,A:A,T:T,G:G,,A:G,,A:A,T:T,A:A,,C:A,T:T,A:A,G:G,,A:G,T:T,A:A,C:C,,G:G,A:A,G:G,G:G,G:G,G:A,C:T,T:T,C:A,G:A,G:G,G:A,G:G,C:C,T:T,T:T,C:C,C:C,T:C,A:A,G:G,G:A,T:C,A:A,,C:C,T:T,T:T,T:G,G:A,T:T,G:A,,G:G,A:A,A:A,T:T,A:A,G:A,G:G,T:T,C:C,G:G,T:T,G:A,A:G,C:T,G:A,G:A,,G:G,T:T,,A:G,G:A,C:C,T:C,T:C,A:A,C:T,T:T,C:A,G:G,,G:A,T:T,G:A,,C:C,G:G,G:G,C:C,A:A,G:A,A:A,G:G,C:C,G:G,C:C,T:G,C:C,C:C,G:A,C:C,,A:A,C:C,G:G,G:A,G:A,G:A,G:A,,G:A,C:C,,G:G,G:G,G:A,T:T,G:G,G:G,,C:C,T:T,G:G,C:A,T:T,C:C,A:A,C:C,,T:C,G:A,C:C,A:A,G:G,T:T,G:G,G:G,G:G
23_DLAB_002,9,23,Marquesas Keys,24.46265,-82.2649,Rescue,GA Aquarium,Alive,670,G:G,G:G,C:C,T:C,C:T,,,T:T,G:A,T:C,T:T,T:T,T:G,G:A,T:C,C:T,,T:C,G:A,G:G,C:T,G:G,G:G,A:A,,A:A,G:A,T:G,A:A,T:T,G:G,G:G,A:G,T:C,,T:T,C:A,T:T,T:T,G:A,C:C,G:G,C:C,G:G,G:G,C:C,G:G,G:G,C:C,T:C,A:A,T:T,G:G,,A:G,,C:A,T:T,G:A,G:G,C:C,C:C,A:A,G:G,,A:G,,C:A,A:A,C:C,A:A,A:A,A:A,G:G,G:G,G:A,C:C,T:T,C:C,A:A,G:G,G:A,G:G,T:C,T:T,,C:C,C:A,T:T,C:A,G:G,G:A,T:C,,,T:C,T:C,T:T,G:G,G:A,C:C,A:A,,T:G,G:G,A:A,T:T,G:G,A:A,G:G,T:T,A:A,G:G,G:G,G:G,A:G,C:T,G:G,G:A,,A:A,T:T,,A:A,G:A,T:C,T:C,T:C,G:A,C:T,T:T,C:A,A:A,T:T,G:A,T:T,G:G,,C:C,G:G,G:G,C:T,A:A,G:A,A:A,G:G,T:T,T:G,C:C,T:T,C:C,,,C:C,,A:A,,G:G,G:G,G:A,A:A,A:A,,G:A,T:C,,A:G,G:A,G:A,T:T,G:G,G:G,,C:C,C:C,,A:A,T:C,C:T,A:A,C:C,T:T,T:C,G:G,C:C,G:G,G:G,C:C,,T:G,G:A
23_DLAB_007,10,23,Marquesas Keys,24.46265,-82.2649,Rescue,GA Aquarium,Alive,694,G:G,G:G,,C:C,C:T,T:T,G:G,T:T,G:A,T:T,T:T,T:T,T:T,G:A,T:C,T:T,,T:T,A:A,T:T,C:C,G:G,G:G,A:A,,A:A,G:A,G:G,A:A,T:T,G:G,T:G,A:G,C:C,,T:T,C:C,T:T,T:T,G:G,T:T,G:G,T:T,G:G,G:G,C:C,G:G,G:G,C:C,T:C,A:A,T:T,A:G,,A:G,,A:A,T:T,G:A,G:G,C:A,C:C,A:A,G:G,,G:G,T:T,C:A,A:A,C:C,G:G,,G:A,G:G,T:T,G:A,C:T,T:T,C:A,G:A,G:G,G:A,G:G,T:C,C:C,T:G,C:C,C:A,T:T,C:C,G:G,G:G,T:T,G:A,,T:T,C:C,T:C,T:T,G:G,T:T,G:A,,T:G,G:G,A:A,T:T,A:A,A:A,G:G,C:C,C:C,T:T,T:G,G:G,A:A,T:T,G:G,G:G,,G:A,C:C,,G:G,A:A,C:C,T:T,T:C,A:A,C:T,T:T,A:A,G:G,,A:A,T:T,G:A,,C:C,G:G,G:G,C:T,A:A,G:A,G:G,G:G,C:C,T:G,C:C,T:T,C:C,C:C,G:A,T:C,,A:A,C:C,G:G,G:A,G:A,G:A,A:A,,A:A,T:T,,A:G,G:G,A:A,T:T,G:G,G:G,,T:T,C:C,,C:C,T:T,C:C,G:G,C:C,T:C,T:T,G:G,C:C,A:A,A:G,T:C,G:G,G:G,G:G
26_DLAB_001,11,26,Eastern Marquesas Keys,24.45928,-82.154,Rescue,Jenkinson's Aquarium,Alive,418,G:G,G:A,C:C,C:C,T:T,,,T:T,,T:T,T:T,T:T,T:G,A:A,C:C,T:T,,T:C,A:A,T:T,C:C,,G:G,G:A,,A:A,A:A,G:G,A:A,T:T,G:G,G:G,A:G,C:C,,T:T,C:A,C:C,T:C,G:A,C:T,G:G,C:C,A:A,G:A,C:C,A:A,A:G,C:C,T:T,G:A,T:T,A:G,,G:G,,A:A,T:T,G:G,G:G,C:A,T:C,A:A,A:A,,A:A,T:T,C:C,,T:C,G:A,A:A,A:A,G:G,T:G,A:A,C:T,T:G,C:A,G:G,G:G,A:A,G:G,T:T,C:C,G:G,C:C,C:C,T:C,C:A,G:G,A:A,,G:G,,C:C,T:C,C:C,T:G,G:G,C:C,G:A,,,A:A,C:A,T:T,G:G,A:A,G:G,T:T,C:C,G:G,G:G,G:G,A:A,C:T,G:A,G:G,,G:A,,,G:G,A:A,C:C,T:C,T:T,A:A,C:T,,A:A,G:G,T:T,A:A,T:T,A:A,,C:C,G:A,G:G,C:T,G:A,G:G,,T:G,T:C,G:G,C:A,T:G,C:C,C:C,G:A,C:C,,A:A,C:C,G:G,G:G,G:A,A:A,A:A,,G:G,T:C,,G:G,G:G,A:A,T:T,G:G,,G:G,C:C,T:C,,,T:T,C:T,A:A,C:C,C:C,C:C,G:G,C:C,A:A,A:G,C:C,,T:G,G:G
3_DLAB_001,12,3,Eastern Marquesas Keys,24.44634,-82.0374,Rescue,Jenkinson's Aquarium,Alive,282,G:G,G:G,C:C,C:C,C:T,T:T,G:G,T:T,A:A,T:T,G:G,T:C,T:T,G:A,T:C,C:T,,T:T,A:A,,C:C,,A:A,A:A,,A:A,G:A,T:G,C:A,,G:G,T:G,G:G,T:C,,T:T,A:A,T:T,T:T,G:A,C:C,G:G,C:C,A:A,G:G,C:C,A:A,G:G,C:C,T:T,G:G,T:T,A:A,,A:G,,A:A,T:G,G:A,G:G,C:A,T:T,A:A,A:A,,G:G,T:T,C:A,A:A,T:T,G:A,,G:A,G:G,T:T,G:A,C:T,T:T,C:C,G:A,G:G,G:A,G:G,T:C,T:T,T:G,C:C,C:C,T:C,A:A,G:G,A:A,T:T,G:G,,,C:C,T:T,T:T,G:A,T:C,G:G,,G:G,G:A,C:A,T:T,G:A,G:G,G:G,,C:A,G:G,T:G,G:A,A:G,C:T,G:G,,,A:A,T:C,,G:G,A:A,T:T,T:C,T:T,A:A,C:T,T:T,A:A,G:G,T:T,G:A,T:T,,,T:T,G:G,G:G,C:C,A:A,G:A,G:G,G:G,T:C,G:G,C:C,T:T,C:C,C:C,G:A,C:C,,A:A,C:C,G:G,G:A,G:A,A:A,G:A,,A:A,T:T,,G:G,G:G,A:A,T:T,G:A,G:G,,,T:T,,A:A,T:T,C:C,A:A,C:C,C:C,C:C,G:G,C:C,A:A,A:G,C:C,G:G,T:G,A:A
3_DLAB_002,13,3,Eastern Marquesas Keys,24.44634,-82.0374,Rescue,Sea Life Michigan,Alive,281,G:A,G:G,,C:C,C:T,T:T,,T:C,A:A,,,T:C,T:T,A:A,T:C,T:T,,T:C,A:A,G:G,C:T,A:G,G:G,A:A,,A:A,A:A,T:G,A:A,T:T,G:G,T:T,G:G,,,T:C,A:A,C:C,T:T,G:A,C:T,G:G,C:C,A:A,A:A,C:C,G:A,A:G,,T:C,G:G,T:T,G:G,,A:G,,A:A,T:T,G:G,G:G,C:C,C:C,A:A,G:G,,A:G,T:T,C:C,A:A,,G:G,,G:A,G:G,T:G,G:G,C:T,T:T,A:A,G:A,G:G,G:A,G:G,C:C,T:T,T:T,C:C,C:C,T:C,A:A,G:G,G:A,C:C,G:A,,C:C,C:C,T:C,T:G,G:A,C:C,G:A,,T:G,A:A,A:A,,G:G,A:A,G:G,C:C,C:C,,T:G,G:A,A:A,T:T,G:A,G:G,,G:A,T:T,,A:G,A:A,T:C,T:T,T:T,A:A,C:T,T:T,C:A,G:A,T:T,G:A,T:T,G:A,,,G:G,T:G,C:C,A:A,G:G,A:A,T:G,T:T,T:T,C:C,T:T,C:C,C:C,G:A,T:C,,A:A,,G:G,,G:A,G:A,G:A,,G:G,T:T,,A:A,G:G,A:A,T:T,G:G,G:G,,C:C,T:T,G:G,A:A,T:T,C:T,G:A,C:C,T:T,T:C,G:G,,G:G,G:G,C:C,G:G,G:G,G:G
3_DLAB_003,14,3,Eastern Marquesas Keys,24.44634,-82.0374,Rescue,FLAQ,Alive,280,G:G,G:G,,C:C,C:T,T:T,,C:C,A:A,T:C,,T:T,T:G,A:A,T:C,C:C,,T:T,A:A,T:T,C:T,A:A,G:G,A:A,,A:A,G:G,T:T,A:A,T:T,G:G,T:T,G:G,T:T,,T:T,C:A,C:C,T:T,A:A,C:C,,C:C,G:G,G:G,C:C,A:A,A:G,C:C,T:C,G:A,T:T,G:G,,G:G,,A:A,T:T,G:A,G:G,C:A,T:C,A:A,G:A,,A:G,T:T,C:C,C:A,T:T,G:G,A:A,G:G,G:G,T:T,G:A,C:T,T:T,C:A,G:G,G:G,G:A,G:G,T:T,T:T,T:T,C:C,A:A,T:C,A:A,G:G,A:A,,G:A,,T:C,,T:T,T:G,G:A,T:C,A:A,,T:G,A:A,C:A,T:T,G:A,A:A,G:G,T:T,C:A,G:G,T:G,G:G,A:G,C:T,G:A,G:G,,G:A,T:T,,A:A,G:A,C:C,T:C,T:C,G:A,C:T,T:T,C:A,G:G,T:T,G:A,T:T,G:G,,T:T,G:A,T:G,C:C,A:A,A:A,A:A,T:G,C:C,G:G,A:A,,C:C,C:C,G:A,C:C,,A:A,C:C,G:G,G:G,G:A,G:A,G:A,,G:G,T:C,,A:A,G:G,G:A,C:C,G:A,G:G,,T:C,,,C:A,T:C,C:T,A:A,C:T,T:T,T:T,G:A,C:C,A:A,G:G,T:T,G:G,G:G,G:G
3_DLAB_005,15,3,Eastern Marquesas Keys,24.44634,-82.0374,Rescue,FCRC,Alive,283,G:G,G:G,C:C,C:C,C:T,G:G,G:G,T:C,A:A,T:C,,T:T,T:G,G:G,T:C,C:T,,T:C,A:A,,T:T,A:G,G:G,A:A,,C:A,G:A,T:G,A:A,T:C,T:G,G:G,A:G,T:C,,T:T,C:A,T:T,T:T,G:A,C:T,G:G,C:C,A:A,A:A,C:C,G:G,G:G,C:C,T:C,A:A,T:G,G:G,,G:G,,C:A,T:T,G:A,G:G,C:A,T:T,C:A,A:A,,A:G,,C:A,A:A,T:T,G:G,,A:A,G:G,G:G,G:G,C:T,T:G,,G:A,G:G,G:A,,T:T,T:T,G:G,C:C,C:C,T:C,A:A,G:G,G:A,T:T,G:G,,C:C,T:C,T:C,G:G,G:G,C:C,A:A,,T:G,A:A,A:A,T:T,A:A,G:A,G:G,,C:C,G:G,T:T,G:A,A:G,C:T,G:A,G:G,,G:A,T:T,,G:G,G:A,C:C,T:T,T:T,G:A,C:T,T:T,A:A,G:G,T:T,G:A,T:T,G:A,,C:C,G:G,T:G,C:C,A:A,G:A,,G:G,C:C,G:G,C:C,G:G,C:C,C:C,G:A,C:C,,A:A,C:C,T:G,G:G,A:A,G:A,A:A,,G:G,T:C,,G:G,G:G,G:A,T:T,G:G,G:A,G:G,T:T,T:C,G:G,C:A,T:C,C:C,G:A,C:C,T:T,T:T,G:G,C:C,G:G,G:G,T:C,,T:G,G:G
37_DLAB_001,16,37,Eastern Marquesas Keys,24.44682,-81.9871,Rescue,Jenkinson's Aquarium,Alive,108,G:G,G:A,,C:C,C:T,,G:G,T:T,A:A,T:T,T:T,T:C,T:T,A:A,C:C,C:C,,C:C,G:A,T:T,C:C,G:G,G:G,G:G,,A:A,G:A,T:G,A:A,,G:G,T:T,A:G,T:C,,T:T,C:C,C:C,T:C,G:G,C:C,G:G,C:C,G:G,G:A,C:C,,G:G,C:C,T:C,A:A,T:T,A:G,,G:G,,C:A,T:T,G:A,G:G,C:C,C:C,A:A,G:A,,A:G,T:T,C:A,C:C,T:C,G:A,A:A,A:A,G:G,G:G,G:G,C:T,T:T,C:A,G:A,G:G,A:A,G:G,T:C,T:T,T:T,C:C,C:A,T:C,C:C,G:G,G:A,T:T,G:A,,C:C,T:C,C:C,G:G,G:A,T:T,A:A,,T:T,A:A,A:A,T:T,G:A,G:A,G:G,T:T,C:C,G:G,T:T,G:A,A:A,C:T,G:G,A:A,,A:A,T:T,,A:G,G:A,C:C,C:C,T:C,A:A,T:T,T:T,A:A,G:G,T:T,A:A,T:T,A:A,,C:C,G:A,G:G,C:T,G:A,G:A,A:A,T:G,T:C,,C:C,G:G,T:C,T:T,G:A,C:C,,A:A,C:C,G:G,G:A,G:A,G:G,A:A,,G:G,T:C,,G:G,G:G,A:A,T:T,G:G,A:A,G:G,,,,A:A,T:T,C:C,A:A,C:T,,T:C,G:G,C:C,A:A,G:G,C:C,A:G,G:G,G:G
37_DLAB_002,17,37,Eastern Marquesas Keys,24.44682,-81.9871,Rescue,Omaha Zoo,Alive,111,G:G,G:A,C:C,C:C,C:T,,G:G,T:T,A:A,T:T,,T:C,T:T,G:A,C:C,C:T,,T:T,A:A,T:G,C:T,G:G,G:G,G:A,,A:A,G:G,T:T,A:A,T:T,G:G,G:G,A:G,T:C,,T:T,C:C,C:C,T:T,A:A,C:T,G:G,C:C,G:G,G:G,C:C,A:A,A:G,,C:C,A:A,T:T,G:G,,G:G,,A:A,T:T,G:G,G:G,C:C,C:C,C:A,A:A,,A:G,,A:A,,T:C,G:A,A:A,A:A,A:G,G:G,G:G,C:T,T:T,C:C,G:A,G:G,G:A,G:G,T:C,T:C,G:G,C:C,C:A,T:C,C:A,G:G,G:A,T:C,G:G,,,T:C,T:C,T:G,A:A,T:T,G:G,,T:G,A:A,A:A,T:T,G:A,A:A,G:G,T:T,C:C,G:G,T:T,G:G,A:A,T:T,G:G,G:G,,A:A,T:C,,A:A,A:A,T:C,T:T,T:T,A:A,C:C,T:T,A:A,G:G,T:T,G:A,T:T,,,T:C,G:G,G:G,C:T,A:A,A:A,A:A,G:G,T:T,G:G,C:C,G:G,C:C,C:C,G:A,T:C,,A:A,C:C,G:G,A:A,A:A,G:A,G:A,,A:A,T:T,,G:G,G:G,A:A,T:T,G:G,G:A,,C:C,C:C,,A:A,T:T,C:T,A:A,C:T,T:T,T:C,G:G,C:C,G:G,G:G,T:T,G:G,G:G,G:G
37_DLAB_003,18,37,Eastern Marquesas Keys,24.44682,-81.9871,Rescue,FCRC,Alive,1685,G:G,G:A,C:C,C:C,C:T,T:T,,C:C,G:A,T:T,T:T,T:C,T:T,G:G,C:C,C:C,,T:T,A:A,G:G,C:C,G:G,,A:A,,A:A,G:A,T:T,A:A,T:T,G:G,G:G,A:G,T:T,,T:T,C:A,C:C,T:C,G:A,C:T,G:G,C:C,G:G,G:A,,A:A,G:G,C:C,T:T,G:G,T:T,G:G,,A:G,,C:A,,G:A,,C:C,C:C,A:A,A:A,,A:G,,A:A,A:A,,G:A,,A:A,G:G,G:G,G:G,C:T,T:T,C:C,G:A,G:G,A:A,G:G,C:C,T:C,T:T,C:C,C:C,T:C,C:A,G:G,G:A,,G:A,,C:C,C:C,C:C,G:G,G:G,T:C,G:A,,G:G,A:A,A:A,T:T,G:G,A:A,G:G,T:T,C:C,G:G,T:G,G:G,A:A,T:T,G:A,G:G,,A:A,T:T,,G:G,G:A,C:C,T:T,T:C,A:A,C:T,T:T,C:A,G:A,T:T,G:A,T:T,G:A,,T:T,G:G,G:G,C:T,A:A,G:A,A:A,G:G,T:C,T:G,C:C,,T:C,T:C,,C:C,,A:A,C:C,G:G,G:G,G:A,G:A,A:A,,A:A,T:T,,A:G,G:G,A:A,T:T,G:G,,,C:C,C:C,,A:A,T:T,T:T,A:A,C:C,,C:C,G:A,C:C,A:A,G:G,C:C,G:G,T:G,G:A
37_DLAB_004,19,37,Eastern Marquesas Keys,24.44682,-81.9871,Rescue,Omaha Zoo,Alive,110,G:G,G:G,T:T,C:C,C:T,T:T,G:G,T:T,G:A,T:T,T:T,T:T,T:G,G:A,T:C,C:T,,T:C,G:A,T:T,C:T,G:G,G:G,G:A,,A:A,G:A,T:G,C:A,,T:G,T:T,G:G,C:C,,T:C,C:C,C:C,T:T,A:A,C:T,G:G,C:C,G:G,G:A,C:C,G:G,A:G,C:C,T:C,A:A,T:G,A:G,,A:G,,A:A,T:T,G:G,G:G,C:C,T:C,A:A,G:G,,G:G,T:T,A:A,A:A,C:C,G:G,,G:A,G:G,G:G,G:A,C:C,T:T,C:A,G:A,G:G,G:A,G:G,C:C,T:T,G:G,C:C,C:A,T:T,A:A,G:G,G:G,,G:G,,C:C,C:C,C:C,G:G,G:A,T:T,G:G,,T:G,,A:A,T:T,G:G,A:A,G:G,T:T,A:A,G:G,T:T,G:A,A:A,T:T,G:A,G:G,,G:A,T:T,,A:A,A:A,T:T,T:C,T:T,A:A,C:T,T:T,A:A,G:G,T:T,G:A,T:T,G:G,,C:C,G:G,G:G,C:T,G:A,G:A,G:G,G:G,C:C,T:G,C:C,G:G,C:C,C:C,,T:C,,C:C,C:C,T:G,G:G,G:A,G:G,G:A,,G:A,T:T,,G:G,G:G,G:A,T:T,G:G,G:G,G:G,C:C,C:C,,C:A,T:C,C:C,A:A,C:T,T:C,T:C,A:A,C:C,G:G,G:G,T:C,G:G,T:T,G:A
38_DLAB_001,20,38,Eastern Marquesas Keys,24.45035,-81.9802,Rescue,Moody Gardens,Alive,173,G:G,G:G,C:C,C:C,C:T,,,T:C,A:A,T:T,T:T,T:C,T:T,A:A,C:C,T:T,,C:C,A:A,,C:T,A:A,G:G,G:A,,A:A,G:G,T:G,C:A,,G:G,T:G,A:G,C:C,,T:C,C:A,C:C,T:C,G:A,T:T,G:G,C:C,G:A,G:G,C:C,A:A,G:G,C:C,T:T,A:A,T:G,A:G,,A:G,,A:A,T:G,G:A,G:A,C:C,T:C,A:A,G:G,,G:G,T:T,A:A,A:A,C:C,G:G,,G:A,G:G,G:G,A:A,C:T,T:T,C:A,G:A,G:G,G:A,G:G,T:T,C:C,,T:C,C:C,T:C,A:A,G:G,A:A,C:C,A:A,,C:C,T:T,T:T,G:G,G:G,T:T,G:A,,T:T,A:A,A:A,T:T,A:A,G:G,G:G,T:T,C:C,G:G,G:G,G:A,A:G,C:T,G:G,G:G,,G:A,T:T,,G:G,G:A,T:T,T:C,T:C,A:A,T:T,T:T,A:A,G:G,T:T,A:A,T:T,G:A,,C:C,G:A,T:G,C:T,A:A,G:A,A:A,G:G,T:C,T:G,C:C,T:T,C:C,C:C,,,,A:A,T:C,G:G,G:G,A:A,G:G,A:A,,G:A,T:C,,A:G,G:A,G:G,T:T,G:G,G:G,G:G,T:T,,G:G,A:A,C:C,T:T,A:A,T:T,C:C,T:T,G:A,C:C,A:A,G:G,C:C,A:G,T:G,G:A
38_DLAB_002,21,38,Eastern Marquesas Keys,24.45035,-81.9802,Rescue,Jenkinson's Aquarium,Alive,146,G:G,G:A,C:C,C:C,T:T,T:T,G:G,C:C,A:A,T:T,T:T,T:T,T:T,G:A,C:C,C:T,,T:C,A:A,G:G,C:C,A:G,G:G,A:A,,A:A,G:G,T:G,A:A,T:T,G:G,T:T,G:G,T:C,,T:T,C:A,C:C,T:T,G:A,C:T,G:G,T:C,G:G,G:A,C:C,A:A,A:G,C:C,T:C,A:A,T:G,A:G,,G:G,,C:A,G:G,G:A,,C:C,T:C,C:A,A:A,,G:G,,A:A,A:A,C:C,G:G,A:A,A:A,A:G,G:G,G:A,C:T,T:T,C:C,A:A,G:G,G:A,G:G,C:C,T:C,G:G,C:C,C:C,T:T,C:A,G:G,G:G,C:C,G:A,,C:C,C:C,T:T,T:G,A:A,C:C,G:A,,T:G,A:A,C:A,T:T,G:A,G:A,G:G,,C:C,G:G,T:G,A:A,A:G,T:T,G:G,A:A,,A:A,T:T,,A:G,A:A,C:C,C:C,T:C,A:A,C:C,,A:A,G:G,,A:A,T:T,G:G,,C:C,G:G,T:G,C:T,G:A,G:A,A:A,G:G,T:C,T:G,C:C,T:T,C:C,C:C,G:A,C:C,,A:A,C:C,G:G,G:A,G:A,G:G,G:G,,G:G,T:C,,A:A,G:G,A:A,T:T,G:G,A:A,,C:C,C:C,,A:A,T:C,C:C,A:A,C:C,C:C,T:T,G:A,C:C,A:A,G:G,C:C,,T:T,A:A
38_DLAB_003,22,38,Eastern Marquesas Keys,24.45035,-81.9802,Rescue,Omaha Zoo,Alive,167,G:A,G:G,T:C,C:C,T:T,T:T,,C:C,A:A,T:T,T:G,T:T,T:T,G:A,C:C,C:C,,C:C,A:A,T:T,C:C,A:G,G:G,G:A,,A:A,G:A,T:G,A:A,T:T,G:G,G:G,G:G,T:C,,T:T,C:C,T:C,T:T,G:A,C:T,G:G,T:T,G:G,G:G,C:A,G:A,G:G,C:C,T:C,A:A,T:T,G:G,,G:G,,A:A,T:T,G:G,G:G,C:A,C:C,A:A,G:G,,G:G,T:T,A:A,,T:C,G:G,,A:A,G:G,T:G,A:A,C:T,T:T,C:A,G:G,G:G,G:A,G:G,T:C,T:T,T:T,C:C,C:C,T:C,A:A,G:G,A:A,,G:A,,,T:C,T:T,,G:G,T:C,A:A,,T:G,A:A,A:A,T:T,G:A,A:A,G:G,T:T,C:A,G:G,G:G,G:A,A:G,T:T,G:A,G:G,,G:A,T:T,,A:G,G:A,T:C,T:C,T:T,G:A,C:T,T:T,A:A,G:G,T:T,G:A,T:T,G:A,,T:T,G:G,G:G,C:T,A:A,G:A,G:A,G:G,T:T,T:G,C:A,T:G,C:C,C:C,G:A,T:C,,A:A,T:C,G:G,G:A,G:A,G:A,G:A,,G:A,T:T,,A:A,G:G,A:A,T:T,G:G,,G:G,C:C,C:C,,A:A,T:T,C:T,A:A,C:C,T:T,T:C,G:A,C:C,A:A,G:G,C:C,G:G,G:G,G:G
38_DLAB_004,23,38,Eastern Marquesas Keys,24.45035,-81.9802,Rescue,Sea Life Michigan,Alive,204,G:G,G:G,C:C,C:C,C:T,,G:G,T:T,A:A,T:T,T:T,T:T,T:T,A:A,T:C,C:C,,T:T,G:A,T:T,C:T,G:G,G:G,A:A,,A:A,A:A,T:T,C:A,T:T,G:G,G:G,G:G,T:C,,T:T,C:C,C:C,C:C,G:A,T:T,G:G,C:C,G:A,G:G,C:C,A:A,A:A,,T:T,A:A,T:T,A:A,,G:G,,C:A,T:T,A:A,,C:C,T:C,A:A,A:A,,G:G,,A:A,A:A,T:C,G:A,A:A,A:A,G:G,T:T,G:G,C:T,T:T,C:C,G:G,G:G,A:A,G:G,T:C,C:C,G:G,C:C,C:A,T:C,C:A,G:G,G:A,T:T,A:A,,C:C,C:C,T:T,T:G,G:A,T:C,G:A,,T:T,G:G,C:C,T:T,A:A,G:A,G:G,T:T,C:C,G:G,G:G,G:A,A:A,T:T,G:G,G:G,,G:A,T:C,,A:A,A:A,C:C,C:C,T:C,A:A,C:T,,C:A,G:G,T:T,A:A,T:T,G:G,,T:T,G:G,G:G,C:C,A:A,G:G,G:A,G:G,C:C,G:G,A:A,G:G,T:C,T:T,G:A,C:C,,C:C,C:C,G:G,G:A,G:A,G:G,A:A,,G:G,T:T,,G:G,G:A,G:A,C:C,G:A,,,,T:C,,C:A,T:C,C:C,A:A,C:T,,T:C,G:A,C:C,A:A,A:A,T:T,A:G,,G:A
39_DLAB_001,24,39,Eastern Marquesas Keys,24.44565,-82.0099,Rescue,FLAQ,Alive,227,G:G,G:A,C:C,T:C,C:T,G:G,,T:T,G:A,T:T,T:T,T:T,T:T,G:A,T:C,C:T,,T:C,A:A,T:G,C:C,G:G,G:G,A:A,,,G:A,T:G,A:A,C:C,G:G,G:G,G:G,C:C,,T:T,C:A,C:C,T:T,G:G,C:T,G:G,T:T,G:G,G:G,,G:A,A:G,C:C,T:T,A:A,T:G,A:G,,G:G,,A:A,T:T,A:A,G:G,C:A,C:C,A:A,G:G,,A:G,T:T,C:A,A:A,,,,G:A,A:A,,A:A,C:T,T:G,C:C,G:A,G:G,A:A,G:G,T:C,T:T,T:T,C:C,C:C,T:C,A:A,G:G,G:A,T:C,G:A,,T:C,T:T,T:C,T:T,G:A,T:C,G:G,,T:G,A:A,C:A,T:C,G:A,G:A,G:G,T:T,C:C,G:G,T:G,G:G,A:G,C:T,G:G,G:G,,G:A,T:T,,,G:A,C:C,T:C,C:C,A:A,C:T,,A:A,G:A,T:T,G:A,T:T,A:A,,T:T,G:G,G:G,C:C,A:A,A:A,G:A,G:G,T:C,G:G,C:A,T:T,C:C,T:C,G:A,C:C,,A:A,C:C,G:G,G:G,G:A,G:G,G:A,,G:G,C:C,,G:G,G:G,G:A,C:C,G:G,,G:G,,C:C,,C:A,T:T,C:T,A:A,C:T,T:T,T:T,G:A,C:C,A:G,G:G,C:C,G:G,T:G,G:G
39_DLAB_002,25,39,Eastern Marquesas Keys,24.44565,-82.0099,Rescue,Omaha Zoo,Alive,230,G:G,G:G,C:C,T:C,C:T,G:G,T:T,T:T,A:A,T:T,T:T,T:T,T:T,A:A,C:C,C:C,,T:T,G:G,T:T,C:C,,G:G,G:G,,A:A,G:A,T:G,A:A,C:C,G:G,T:G,G:G,T:C,,T:T,C:C,C:C,T:T,G:G,T:T,G:G,T:C,G:A,G:G,C:C,G:A,G:G,C:C,T:C,A:A,T:T,G:G,,G:G,,C:A,T:T,G:G,G:G,C:C,T:C,A:A,G:A,,G:G,,C:A,C:A,,G:A,,A:A,G:G,,G:G,C:T,T:T,C:C,G:A,G:G,G:A,G:G,T:T,T:T,G:G,C:C,C:A,T:C,A:A,G:G,A:A,T:T,G:A,,C:C,T:C,C:C,T:T,G:A,T:C,A:A,,T:T,A:A,A:A,T:T,A:A,A:A,G:G,T:T,A:A,G:G,T:T,G:A,A:G,T:T,G:A,G:G,,G:A,T:C,,A:A,A:A,C:C,T:C,T:C,A:A,C:T,T:T,,,T:T,G:A,T:T,G:A,,C:C,G:G,G:G,C:C,A:A,A:A,A:A,G:G,T:T,G:G,C:C,,C:C,C:C,,C:C,,A:A,C:C,G:G,G:G,A:A,A:A,A:A,,G:G,T:C,,A:A,G:G,G:A,C:C,G:G,G:G,G:G,,T:T,,C:C,T:C,C:T,G:A,C:T,C:C,T:C,G:G,C:C,A:A,G:G,C:C,G:G,T:G,G:G
39_DLAB_003a,26,39,Eastern Marquesas Keys,24.44565,-82.0099,Rescue,Moody Gardens,Alive,228,G:G,G:G,T:C,C:C,C:T,,G:G,T:T,A:A,T:C,T:T,,T:T,G:G,C:C,C:T,,C:C,A:A,,C:C,G:G,G:G,G:A,,A:A,A:A,T:G,C:A,T:T,G:G,T:G,G:G,T:C,,T:T,A:A,T:T,T:T,A:A,C:C,G:G,C:C,G:G,G:G,C:C,G:G,A:G,C:C,T:T,G:G,T:G,A:G,,G:G,,A:A,T:T,G:G,G:G,C:C,T:C,A:A,G:A,,A:G,T:T,C:A,A:A,C:C,,A:A,A:A,A:G,G:G,G:A,C:T,T:G,C:C,G:A,G:G,A:A,G:G,C:C,T:T,G:G,C:C,C:A,T:T,C:A,G:G,A:A,,G:A,,T:C,T:T,T:T,G:G,G:A,T:C,G:A,,G:G,A:A,C:A,C:C,G:G,A:A,G:G,T:T,C:C,T:G,T:G,G:G,A:A,C:T,G:A,G:G,,A:A,C:C,,G:G,G:A,T:C,C:C,T:T,A:A,C:T,T:T,C:A,G:G,,A:A,T:T,G:A,,C:C,G:G,G:G,C:C,A:A,G:A,G:G,G:G,T:C,T:T,,T:T,C:C,T:C,G:A,C:C,,A:A,C:C,G:G,G:G,G:A,G:G,G:A,,G:A,T:T,,A:A,G:G,A:A,T:T,G:G,,G:G,,T:T,,A:A,T:T,T:T,G:G,C:C,T:T,T:T,G:A,C:C,A:A,G:G,C:C,G:G,T:T,G:G
39_DLAB_004,27,39,Eastern Marquesas Keys,24.44565,-82.0099,Rescue,Maritime Aquarium,Alive,229,G:G,G:G,,T:C,C:T,G:G,G:G,T:T,A:A,T:T,T:T,T:T,T:T,G:A,T:C,C:C,,T:T,A:A,T:T,C:C,A:G,G:G,G:G,,C:A,G:G,T:G,A:A,T:T,G:G,G:G,A:G,T:C,,T:C,C:C,C:C,T:T,G:G,C:C,G:G,C:C,A:A,G:A,C:C,A:A,G:G,,T:C,A:A,T:G,G:G,,A:G,,A:A,T:T,G:G,,C:A,T:T,A:A,G:A,,A:G,T:T,C:A,C:C,T:C,G:A,,G:A,G:G,G:G,G:G,C:T,T:T,C:C,G:A,G:G,G:A,G:G,C:C,T:C,G:G,C:C,C:A,T:C,A:A,G:G,G:G,T:T,G:G,,C:C,T:C,T:T,G:G,G:G,T:C,A:A,,T:G,A:A,A:A,T:T,A:A,A:A,G:G,T:T,C:C,G:G,G:G,A:A,A:G,T:T,G:A,G:G,,G:A,T:T,,A:G,A:A,C:C,T:C,C:C,G:A,C:T,T:T,A:A,G:G,,G:A,T:T,A:A,,C:C,G:G,G:G,C:T,G:A,A:A,,G:G,T:T,G:G,C:C,T:T,T:C,C:C,,C:C,,C:C,C:C,G:G,G:G,G:A,G:A,G:A,,G:G,T:C,,G:G,G:A,A:A,C:C,G:G,G:G,,T:T,T:T,,A:A,T:C,T:T,A:A,C:T,C:C,T:C,G:A,C:C,A:A,G:G,T:C,G:G,T:G,A:A
39_DLAB_005,28,39,Eastern Marquesas Keys,24.44565,-82.0099,Rescue,Jenkinson's Aquarium,Alive,237,G:G,G:G,,C:C,T:T,T:T,G:G,T:T,G:A,T:C,,T:T,,G:A,T:C,C:T,,T:C,A:A,T:T,C:T,G:G,G:G,G:A,,A:A,A:A,T:G,A:A,,T:G,G:G,G:G,C:C,,T:T,C:C,T:T,T:T,G:A,C:T,G:G,T:C,G:G,G:A,C:C,A:A,A:G,C:C,T:C,A:A,T:G,G:G,,G:G,,A:A,,G:G,G:G,C:C,T:C,A:A,A:A,,A:G,T:T,A:A,A:A,,G:A,A:A,A:A,G:G,,G:A,C:T,T:G,C:A,G:A,G:G,G:A,G:G,C:C,T:C,T:T,C:C,C:A,,A:A,G:G,G:A,C:C,G:A,,C:C,T:C,C:C,T:G,G:A,T:C,A:A,,G:G,G:G,A:A,T:T,G:G,G:G,G:G,T:T,C:C,G:G,T:G,G:G,A:A,T:T,G:G,G:G,,A:A,T:C,,G:G,A:A,C:C,T:C,T:T,G:A,C:T,,A:A,A:A,T:T,G:A,T:T,G:G,,C:C,G:G,G:G,C:C,G:A,G:G,G:G,G:G,T:C,T:T,C:C,T:T,C:C,C:C,,T:C,,C:C,C:C,G:G,G:G,G:A,G:A,A:A,,A:A,C:C,,A:G,G:G,A:A,C:C,G:G,G:G,,C:C,C:C,,A:A,T:T,C:C,G:A,C:C,T:C,T:C,G:G,C:C,A:A,G:G,C:C,G:G,T:T,G:G
39_DLAB_006,29,39,Eastern Marquesas Keys,24.44565,-82.0099,Rescue,Moody Gardens,Alive,233,G:G,G:G,,C:C,C:T,,G:G,T:C,A:A,T:T,,T:C,T:T,G:A,C:C,C:T,,T:T,A:A,T:T,C:T,A:G,A:G,A:A,,A:A,G:A,T:G,A:A,T:T,G:G,T:G,A:G,T:C,,T:C,C:A,C:C,T:T,G:A,C:C,G:G,C:C,G:G,G:G,A:A,G:A,G:G,C:C,T:T,A:A,T:T,G:G,,G:G,,A:A,T:G,A:A,G:G,C:C,T:C,A:A,A:A,,G:G,T:T,A:A,A:A,T:C,G:A,,A:A,G:G,G:G,,C:T,T:T,C:A,G:G,G:G,G:A,G:G,T:C,T:T,T:T,T:C,C:C,T:C,A:A,G:G,A:A,,G:A,,C:C,T:C,T:C,T:G,G:G,T:C,G:G,,T:T,A:A,A:A,T:C,G:A,A:A,G:G,T:T,C:C,G:G,T:G,G:G,G:G,C:T,G:A,G:G,,A:A,T:T,,G:G,A:A,T:C,C:C,T:T,A:A,C:T,T:T,A:A,G:G,T:T,A:A,T:T,G:G,,C:C,G:A,G:G,C:T,G:A,G:A,A:A,G:G,C:C,G:G,C:A,T:T,C:C,C:C,G:A,C:C,,A:A,C:C,G:G,A:A,G:A,G:A,G:A,,G:A,T:T,,A:G,G:G,A:A,T:T,G:G,G:G,G:G,,T:C,,C:A,T:T,T:T,G:A,T:T,C:C,T:T,G:G,C:C,A:A,A:G,C:C,G:G,G:G,A:A
39_DLAB_008,30,39,Eastern Marquesas Keys,24.44565,-82.0099,Rescue,Maritime Aquarium,Alive,234,G:G,G:G,C:C,C:C,C:T,G:G,,T:C,A:A,T:T,,T:C,T:T,A:A,C:C,,,T:C,A:A,T:T,C:C,A:G,G:G,G:A,,A:A,G:G,T:G,A:A,T:T,G:G,G:G,G:G,T:T,,T:T,C:A,C:C,T:T,A:A,C:T,G:G,C:C,G:G,A:A,,G:A,A:G,C:C,T:T,A:A,T:G,G:G,,G:G,,A:A,,A:A,,C:A,T:C,A:A,A:A,,G:G,T:T,A:A,A:A,T:C,G:A,,A:A,G:G,,G:A,C:T,T:G,,G:G,G:G,G:A,G:G,T:T,T:C,T:T,C:C,C:C,T:C,C:A,G:G,G:A,T:T,G:A,,C:C,T:T,T:C,G:G,G:G,T:T,G:A,,T:T,A:A,C:A,T:T,G:A,A:A,G:G,T:T,C:C,T:G,T:G,G:G,A:A,T:T,G:A,A:A,,A:A,T:T,,G:G,G:A,C:C,C:C,T:T,G:A,C:T,T:T,A:A,,T:T,G:G,T:T,G:A,,C:C,G:G,G:G,C:T,A:A,A:A,G:G,G:G,T:C,T:G,C:C,T:T,C:C,C:C,,C:C,,A:A,C:C,G:G,G:G,G:A,G:G,G:A,,G:A,T:T,,G:G,G:G,G:A,,G:G,G:G,,T:T,C:C,,A:A,T:C,C:T,G:A,C:C,,T:T,G:G,C:C,A:A,G:G,T:T,A:G,T:G,G:G
39_DLAB_020,31,39,Eastern Marquesas Keys,24.44565,-82.0099,Rescue,Jenkinson's Aquarium,Alive,251,G:G,G:G,T:T,C:C,C:T,T:T,G:G,T:T,G:A,T:T,T:G,T:T,T:T,A:A,C:C,C:T,,T:C,G:A,G:G,C:T,A:A,G:G,A:A,,C:A,G:A,T:T,A:A,,G:G,G:G,A:G,T:C,,T:T,A:A,C:C,,,T:T,G:G,C:C,A:A,G:A,C:C,G:A,A:G,,T:T,A:A,T:T,G:G,,G:G,,C:A,T:T,G:G,G:G,C:C,T:C,,G:A,,G:G,T:T,A:A,C:C,,G:G,,A:A,A:G,G:G,G:A,C:T,T:T,C:A,G:G,G:G,A:A,G:G,C:C,T:C,T:T,T:C,C:C,T:C,A:A,G:G,G:G,T:C,G:A,,C:C,T:C,T:C,T:G,G:A,C:C,A:A,,G:G,G:G,A:A,T:T,G:A,G:G,G:G,,C:C,G:G,T:T,G:A,G:G,C:T,G:G,G:G,,A:A,T:T,,A:G,G:A,T:C,T:C,,G:G,C:T,T:T,A:A,G:G,T:T,G:A,T:T,G:G,,C:C,G:G,T:G,T:T,A:A,A:A,G:G,G:G,T:T,,C:C,G:G,C:C,C:C,A:A,C:C,,C:A,C:C,T:G,G:A,G:A,A:A,A:A,,G:A,C:C,,A:A,A:A,A:A,C:C,G:G,G:G,,C:C,C:C,,A:A,T:C,T:T,G:A,C:C,T:T,T:C,G:A,C:C,A:A,A:G,C:C,G:G,T:G,G:G
4_DLAB_001,32,4,Dry Tortugas,24.6188,-82.9202,Rescue,,Dead,815,G:G,G:G,C:C,C:C,C:T,T:T,T:G,T:C,G:A,T:C,T:G,T:C,T:T,,C:C,C:T,,T:T,A:A,T:T,C:T,G:G,G:G,A:A,,A:A,G:G,T:G,A:A,,G:G,T:G,G:G,T:C,,T:C,C:A,C:C,T:T,G:A,C:T,G:G,T:C,G:G,G:G,,G:G,A:G,C:C,T:T,G:G,T:T,G:G,,A:G,,C:A,T:T,A:A,G:G,C:C,T:C,C:A,G:G,,A:G,T:T,C:C,C:C,C:C,G:A,A:A,A:A,A:A,T:G,G:A,C:T,T:G,C:C,G:A,G:G,A:A,G:G,T:C,T:C,T:G,C:C,C:C,T:C,C:A,G:G,G:G,C:C,G:A,,T:C,T:C,T:C,G:G,G:G,T:C,G:A,,G:G,,A:A,T:T,G:G,A:A,G:G,T:T,,T:G,T:T,G:A,A:G,T:T,G:G,G:G,,G:A,T:T,,G:G,A:A,C:C,T:C,T:T,G:A,C:C,,A:A,G:G,T:T,A:A,T:T,G:A,,C:C,G:G,G:G,C:C,G:A,A:A,G:G,G:G,T:T,,C:C,G:G,C:C,T:T,A:A,C:C,,A:A,C:C,G:G,G:G,G:A,G:A,G:A,,G:A,T:T,,G:G,G:G,A:A,T:T,G:G,G:G,G:G,T:C,T:C,,C:A,T:T,C:T,G:A,C:C,T:T,T:T,G:G,C:C,A:A,G:G,T:C,A:G,G:G,G:A
4_DLAB_003,33,4,Dry Tortugas,24.6188,-82.9202,Rescue,FCRC,Alive,827,G:G,G:A,C:C,T:C,C:T,G:G,G:G,C:C,A:A,T:T,T:T,T:T,T:T,A:A,T:C,C:T,,T:T,G:A,T:G,C:T,G:G,G:G,A:A,,A:A,A:A,T:T,C:A,T:T,G:G,G:G,A:G,T:T,,T:T,C:A,C:C,T:T,G:G,C:T,G:G,C:C,G:A,G:A,C:C,A:A,G:G,C:C,T:T,A:A,T:T,G:G,,,,A:A,T:T,G:G,G:G,C:A,T:C,C:A,G:G,,A:G,T:T,A:A,A:A,T:T,G:A,A:A,G:A,A:G,G:G,G:G,C:T,T:T,C:C,G:A,G:G,A:A,G:G,T:C,T:C,T:G,C:C,C:C,T:C,A:A,G:G,G:G,C:C,G:A,,T:T,T:T,C:C,G:G,G:G,T:C,G:A,,T:G,A:A,A:A,T:C,G:A,G:G,G:G,T:T,A:A,G:G,T:G,A:A,A:G,T:T,G:A,G:G,,A:A,T:T,,A:G,A:A,C:C,T:C,T:T,A:A,C:T,T:T,C:A,G:A,T:T,G:A,T:T,G:A,,T:T,G:G,G:G,C:C,A:A,G:G,G:G,G:G,C:C,G:G,C:C,,C:C,T:C,G:A,T:C,,C:C,C:C,G:G,G:G,G:A,A:A,G:G,,G:A,T:T,,A:G,G:G,A:A,,G:G,G:G,,T:T,C:C,,C:A,T:T,T:T,A:A,C:T,T:T,T:C,G:A,C:C,,G:G,C:C,G:G,G:G,G:G
4_DLAB_005,34,4,Dry Tortugas,24.6188,-82.9202,Rescue,,Dead,837,G:G,G:G,C:C,C:C,C:T,G:G,,C:C,A:A,T:T,T:T,T:T,T:T,A:A,C:C,C:T,,C:C,A:A,T:T,C:T,G:G,,G:A,,C:A,G:A,T:T,A:A,T:T,G:G,T:T,G:G,C:C,,T:T,C:C,C:C,,G:A,C:C,G:G,C:C,A:A,G:A,C:A,G:G,G:G,C:C,T:T,A:A,T:T,,,G:G,,C:A,T:T,G:G,G:G,C:C,T:C,A:A,A:A,,G:G,T:T,C:C,A:A,T:T,G:G,A:A,G:G,G:G,G:G,G:A,C:T,T:T,C:C,G:A,G:G,A:A,G:G,C:C,T:T,T:T,C:C,C:C,T:C,C:A,G:G,G:A,T:T,G:A,,C:C,T:C,T:C,T:G,G:G,T:C,G:G,,G:G,A:A,A:A,T:T,G:A,A:A,G:G,T:C,C:C,G:G,T:T,G:G,A:A,T:T,G:G,G:G,,A:A,T:T,,G:G,A:A,T:C,T:T,T:T,G:A,T:T,T:T,C:A,G:G,T:T,G:A,T:T,G:A,,T:T,G:G,G:G,T:T,G:A,A:A,G:A,G:G,C:C,T:T,C:A,T:G,C:C,C:C,G:A,C:C,,A:A,C:C,G:G,G:G,G:G,G:A,G:A,,G:G,T:C,,A:A,G:G,G:A,T:T,G:G,G:G,,,C:C,G:G,C:C,T:C,,A:A,C:T,T:T,T:T,G:G,C:C,A:A,G:G,C:C,G:G,T:T,G:A
4_DLAB_006,35,4,Dry Tortugas,24.6188,-82.9202,Rescue,,Dead,816,G:G,G:G,,C:C,T:T,T:T,,T:T,G:A,T:T,T:T,T:T,T:T,G:A,T:C,T:T,,C:C,A:A,,C:T,A:A,,A:A,,A:A,A:A,T:G,C:A,T:T,G:G,T:G,A:G,T:C,,T:T,A:A,C:C,T:T,G:G,C:C,G:G,C:C,G:A,G:A,C:C,A:A,A:G,C:C,T:C,A:A,T:T,A:G,,G:G,,C:A,G:G,G:A,,C:C,T:T,A:A,A:A,,G:G,,A:A,C:A,T:C,G:A,,G:A,A:G,T:G,G:G,C:T,T:G,C:C,G:A,G:G,A:A,G:G,T:T,T:T,T:T,C:C,A:A,T:C,A:A,G:G,A:A,T:T,G:A,,C:C,T:C,T:T,G:G,G:A,C:C,G:G,,T:G,G:A,A:A,T:T,A:A,A:A,G:G,T:T,C:C,G:G,T:G,G:G,A:G,T:T,G:A,G:A,,G:G,T:T,,A:G,G:A,C:C,T:T,T:T,A:A,C:T,T:T,A:A,G:G,T:T,G:A,T:T,G:A,,C:C,G:G,G:G,C:T,A:A,G:A,,G:G,T:T,G:G,C:A,T:T,T:C,T:T,,,,C:A,C:C,G:G,G:G,G:G,G:G,A:A,,G:A,T:T,,G:G,G:G,G:A,T:T,G:A,G:G,G:G,T:C,C:C,,A:A,T:C,C:T,A:A,C:C,T:C,C:C,G:A,C:C,A:A,G:G,T:C,A:G,G:G,G:G
4_DLAB_007,36,4,Dry Tortugas,24.6188,-82.9202,Rescue,,Dead,824,G:G,G:G,C:C,T:C,C:T,T:G,G:G,T:T,A:A,T:T,T:T,T:T,T:T,A:A,T:C,C:C,,T:C,A:A,T:T,C:T,A:A,G:G,G:A,,A:A,A:A,T:G,A:A,T:T,G:G,G:G,A:A,C:C,,T:C,C:C,T:T,T:C,G:A,C:T,,C:C,A:A,G:G,C:A,G:A,G:G,C:C,T:C,A:A,T:T,G:G,,G:G,,A:A,T:T,G:G,,A:A,T:C,A:A,G:A,,A:G,T:T,A:A,A:A,T:T,,A:A,G:G,G:G,G:G,G:G,C:T,T:T,C:A,G:G,G:G,A:A,G:G,T:C,C:C,G:G,T:C,C:A,T:C,C:C,G:G,G:A,T:T,G:G,,T:T,T:T,T:C,T:G,G:G,T:C,G:A,,T:T,G:G,A:A,T:C,G:A,G:A,G:G,T:T,,G:G,T:T,G:G,G:G,C:T,G:A,G:G,,A:A,T:T,,A:G,G:A,T:C,C:C,T:C,A:A,C:T,,C:A,G:A,T:T,A:A,T:T,G:A,,C:C,A:A,G:G,C:C,A:A,G:G,A:A,G:G,T:T,T:T,C:C,T:T,C:C,,,C:C,,C:C,C:C,G:G,G:G,G:A,G:G,A:A,,G:A,T:T,,A:G,G:G,A:A,T:T,G:G,A:A,,C:C,,,A:A,T:T,C:T,A:A,C:C,T:T,T:C,A:A,C:C,G:G,G:G,C:C,A:G,T:G,G:G
4_DLAB_015,37,4,Dry Tortugas,24.6188,-82.9202,Rescue,,Dead,858,G:G,G:A,C:C,C:C,C:T,T:T,G:G,T:T,A:A,C:C,T:T,T:T,T:T,A:A,T:C,C:C,,T:T,A:A,T:T,C:T,G:G,G:G,G:G,,A:A,G:A,T:T,A:A,T:C,G:G,G:G,G:G,C:C,,T:T,C:A,C:C,T:T,G:G,C:C,G:G,C:C,G:G,A:A,C:C,G:A,G:G,,T:T,A:A,T:G,G:G,,A:G,,A:A,T:T,G:G,,C:A,T:C,A:A,G:A,,A:G,T:T,C:C,,C:C,G:G,A:A,A:A,G:G,G:G,A:A,C:T,T:G,C:A,A:A,G:G,A:A,G:G,T:C,C:C,G:G,C:C,C:A,T:C,C:A,G:G,A:A,,G:G,,C:C,C:C,C:C,T:G,G:A,T:C,A:A,,T:G,A:A,A:A,T:T,A:A,A:A,G:G,C:C,C:A,G:G,T:G,G:A,A:G,T:T,G:A,G:G,,A:A,,,A:G,A:A,T:C,T:C,T:C,G:A,C:T,,A:A,G:G,T:T,A:A,T:T,G:A,,T:T,G:G,G:G,C:T,A:A,A:A,G:A,G:G,,,C:C,,C:C,T:C,,C:C,,A:A,T:C,T:G,G:G,G:A,G:A,A:A,,G:G,T:T,,A:G,G:G,G:A,T:T,G:G,G:G,G:G,T:T,C:C,,C:A,C:C,C:C,G:A,C:C,T:T,T:C,G:A,C:C,A:G,G:G,C:C,G:G,T:G,G:A
43_DLAB_001,38,43,Dry Tortugas,24.7224,-82.7893,Rescue,FCRC,Alive,2459,G:A,G:G,,,C:T,T:G,,T:C,A:A,T:T,T:T,T:T,T:T,G:A,T:C,C:T,,C:C,G:A,T:T,T:T,A:A,A:G,A:A,,C:A,A:A,T:G,A:A,T:T,T:G,T:T,G:G,C:C,,T:T,A:A,C:C,T:T,G:G,C:T,G:G,C:C,A:A,A:A,,A:A,A:G,C:C,T:C,,T:G,G:G,,A:G,A:A,A:A,G:G,G:G,G:G,C:C,C:C,C:C,G:A,,G:G,,A:A,A:A,,G:G,A:A,G:A,G:G,G:G,A:A,C:T,G:G,C:A,G:G,G:G,A:A,G:G,,T:C,G:G,C:C,C:A,T:C,A:A,G:G,G:G,C:C,G:A,G:A,C:C,T:T,T:T,,G:G,T:C,G:G,,T:T,G:G,C:A,C:C,A:A,A:A,G:G,T:T,C:A,G:G,T:G,G:G,A:G,T:T,G:A,G:G,G:A,G:A,T:T,T:G,G:G,A:A,C:C,T:C,T:T,G:A,C:T,T:T,A:A,G:G,T:T,G:A,T:T,G:G,,T:T,G:G,G:G,C:C,A:A,,G:G,G:G,,G:G,C:C,T:T,C:C,C:C,A:A,C:C,,A:A,C:C,G:G,G:A,G:A,G:A,A:A,,G:A,T:T,,G:G,,A:A,,G:G,,G:G,C:C,C:C,G:A,A:A,T:C,T:T,G:A,C:T,C:C,T:C,G:G,C:C,G:G,A:G,T:C,G:G,G:G,G:A
43_DLAB_002,39,43,Dry Tortugas,24.7224,-82.7893,Rescue,FCRC,Alive,2461,G:G,G:G,,,C:T,T:T,G:G,T:C,A:A,T:C,T:T,T:T,T:G,A:A,T:C,C:T,,T:C,G:A,T:T,C:T,G:G,G:G,A:A,,A:A,,T:T,A:A,T:T,G:G,G:G,G:G,T:C,,T:C,,,T:T,G:G,C:C,,C:C,G:A,G:A,,,A:G,C:C,T:T,G:G,T:G,A:G,,G:G,G:G,A:A,T:T,G:G,,C:C,T:C,A:A,A:A,,A:G,,A:A,C:C,C:C,A:A,A:A,A:A,G:G,G:G,G:G,C:T,T:T,C:A,G:G,,A:A,G:G,,T:C,G:G,C:C,C:A,T:C,A:A,G:G,G:A,T:T,G:A,G:A,C:C,T:T,T:C,G:G,G:A,T:C,A:A,,T:G,A:A,C:A,T:T,G:G,G:G,G:G,C:C,C:C,G:G,T:T,G:G,G:G,T:T,G:A,,A:A,G:A,T:T,G:G,G:G,G:A,C:C,C:C,T:T,A:A,C:T,T:C,,G:A,T:T,A:A,T:T,G:A,,C:C,G:G,G:G,C:C,A:A,A:A,G:G,G:G,,T:G,,T:T,C:C,C:C,G:A,C:C,,A:A,T:C,G:G,G:A,G:A,G:G,G:A,,A:A,,,A:G,G:G,A:A,,G:G,G:G,G:G,C:C,C:C,G:A,A:A,T:T,C:T,G:A,C:C,T:T,T:T,G:G,C:C,A:A,G:G,C:C,G:G,G:G,G:G
43_DLAB_004,40,43,Dry Tortugas,24.7224,-82.7893,Rescue,FCRC,Alive,2467,G:A,G:G,,T:C,C:T,T:G,G:G,T:C,G:A,T:T,T:T,T:T,T:G,G:A,T:C,C:T,,T:T,A:A,T:T,C:T,,G:G,G:A,,C:A,A:A,T:G,A:A,T:T,G:G,G:G,G:G,T:T,,T:C,C:C,C:C,T:T,G:A,C:C,G:G,,G:G,G:A,C:A,G:A,G:G,,T:C,G:G,T:T,A:G,,A:G,G:G,C:A,T:T,G:G,,C:C,T:C,C:A,G:A,,G:G,T:C,A:A,A:A,T:T,G:G,,A:A,G:G,G:G,A:A,C:T,T:G,C:A,G:A,G:G,G:A,G:G,T:C,T:T,G:G,C:C,C:C,T:C,A:A,G:G,G:A,T:T,G:A,A:A,C:C,T:T,T:C,T:T,G:G,T:C,G:G,,T:G,A:A,A:A,T:C,G:A,G:A,G:G,T:C,C:C,G:G,T:G,G:G,A:G,C:T,G:A,G:A,A:A,A:A,T:T,G:G,G:G,G:G,T:C,C:C,C:C,A:A,C:T,,C:A,G:G,T:T,A:A,T:T,,,C:C,G:G,G:G,C:T,A:A,G:A,G:G,G:G,,G:G,C:A,G:G,C:C,T:C,G:G,T:C,,A:A,T:C,T:G,G:G,G:A,G:A,G:G,,G:A,C:C,,A:G,G:G,G:G,,G:G,G:A,G:G,C:C,T:C,A:A,C:C,C:C,C:T,A:A,C:T,T:C,T:C,G:G,C:C,A:A,A:G,T:C,G:G,G:G,G:G
43_DLAB_005,41,43,Dry Tortugas,24.7224,-82.7893,Rescue,FCRC,Alive,2460,G:G,G:G,,T:C,C:T,G:G,G:G,C:C,G:A,T:T,T:T,T:T,T:T,G:A,T:C,C:T,,T:T,G:A,G:G,C:C,A:G,A:A,G:A,,A:A,G:A,T:T,A:A,,G:G,G:G,G:G,,,T:T,C:C,C:C,T:T,G:G,C:T,G:G,C:C,G:G,G:A,A:A,A:A,G:G,C:C,T:T,G:G,T:T,A:G,,G:G,,A:A,T:T,G:G,G:G,C:C,T:C,C:A,G:A,,G:G,T:T,A:A,C:C,C:C,G:A,A:A,A:A,G:G,G:G,G:A,C:T,T:G,C:C,G:G,G:G,G:A,G:G,,T:C,G:G,C:C,A:A,T:C,C:A,G:G,G:A,,G:A,A:A,C:C,T:C,T:C,G:G,G:A,T:C,G:A,,T:T,A:A,C:A,T:C,A:A,A:A,G:G,T:T,C:A,G:G,T:G,G:A,G:G,T:T,G:A,G:A,A:A,G:G,T:T,G:G,G:G,G:A,C:C,T:C,C:C,G:A,C:T,T:T,C:A,G:G,T:T,A:A,T:T,,,C:C,G:G,G:G,C:T,A:A,G:A,G:A,G:G,,G:G,A:A,T:T,T:C,C:C,A:A,C:C,,C:C,C:C,G:G,G:G,G:A,G:G,G:A,,A:A,T:C,,A:G,G:A,A:A,,G:G,,,C:C,C:C,A:A,C:C,T:T,C:C,G:A,T:T,C:C,T:T,G:G,C:C,A:A,G:G,C:C,G:G,T:G,A:A
43_DLAB_020,42,43,Dry Tortugas,24.7224,-82.7893,Rescue,FCRC,Alive,2456,G:G,G:G,,T:C,T:T,G:G,,T:T,A:A,T:T,T:T,T:C,T:G,A:A,T:C,C:T,,T:T,G:A,T:T,C:T,A:G,G:G,G:A,,A:A,A:A,T:T,A:A,T:C,G:G,T:T,A:G,T:T,,T:T,C:C,T:T,T:T,G:G,C:C,G:G,C:C,A:A,G:A,C:C,G:A,G:G,C:C,T:C,,T:T,G:G,,G:G,G:G,A:A,T:T,G:A,,C:C,T:C,A:A,G:G,,G:G,T:T,C:C,A:A,,G:A,,,G:G,G:G,G:A,C:T,T:G,C:A,G:G,G:G,A:A,G:G,T:T,T:T,G:G,C:C,C:C,T:C,C:C,G:G,A:A,,G:G,G:A,C:C,T:T,C:C,G:G,G:A,C:C,G:A,,G:G,A:A,C:A,T:T,G:A,A:A,G:G,T:C,C:A,G:G,T:T,G:A,,T:T,G:A,G:G,A:A,G:A,T:C,G:G,G:G,A:A,T:C,T:C,T:C,G:A,C:C,T:C,A:A,G:G,T:T,A:A,T:T,G:G,,C:C,G:G,G:G,C:C,G:A,G:A,G:G,G:G,,,C:C,G:G,C:C,C:C,A:A,C:C,,A:A,C:C,G:G,A:A,G:A,G:A,A:A,,G:A,T:C,,G:G,G:A,A:A,,G:G,G:G,G:G,,C:C,G:A,A:A,T:C,C:T,A:A,C:C,T:C,T:C,G:G,C:C,A:A,A:G,C:C,G:G,G:G,G:A
4967_DLAB_001,43,4967,Lower Keys,24.47695,-81.9017,Rescue,Riverbanks Aquarium,Alive,4967_DLAB_1,G:G,G:G,C:C,C:C,C:T,T:T,G:G,T:T,A:A,T:T,,T:T,T:T,A:A,C:C,C:T,,T:C,A:A,T:T,C:C,A:A,G:G,G:A,,A:A,G:A,G:G,A:A,T:T,G:G,T:G,G:G,C:C,,T:T,C:C,T:T,T:T,G:A,C:C,G:G,,G:G,G:A,,G:G,A:G,C:C,T:C,G:A,T:G,A:G,,G:G,,C:A,T:T,G:G,G:G,C:C,T:C,A:A,G:A,,A:A,,C:A,C:C,,G:G,,A:A,G:G,G:G,,C:T,T:G,C:A,G:A,G:G,A:A,G:G,T:C,T:C,T:T,C:C,C:A,T:C,C:A,G:G,G:A,,G:A,,,T:T,T:C,T:G,A:A,T:C,G:A,,T:T,A:A,C:A,T:T,G:A,G:G,G:G,T:C,C:A,G:G,T:G,G:G,A:G,T:T,G:A,G:G,,G:G,T:C,,G:G,G:A,C:C,T:C,T:T,A:A,C:T,T:T,A:A,G:G,T:T,A:A,T:T,G:A,,T:T,G:A,G:G,C:T,A:A,G:A,G:G,G:G,T:C,T:G,C:C,G:G,T:C,C:C,,T:C,,A:A,C:C,G:G,G:G,G:A,A:A,G:A,,G:G,T:T,,G:G,G:G,A:A,C:C,G:G,G:G,G:G,,,,,T:C,C:T,A:A,C:C,T:T,C:C,G:G,C:C,A:A,A:G,T:C,G:G,G:G,G:A
4967_DLAB_002,44,4967,Lower Keys,24.47695,-81.9017,Rescue,Riverbanks Aquarium,Alive,4967_DLAB_2,G:G,G:G,C:C,C:C,T:T,G:G,G:G,T:T,A:A,T:T,T:G,T:T,T:T,G:G,C:C,T:T,,C:C,A:A,,C:C,G:G,G:G,A:A,,A:A,A:A,T:G,A:A,C:C,T:G,G:G,G:G,T:C,,T:T,C:C,T:T,T:T,G:A,C:T,G:G,C:C,A:A,G:A,,G:G,G:G,C:C,C:C,A:A,T:G,A:G,,G:G,,C:A,T:T,G:G,G:G,C:C,C:C,A:A,A:A,,A:G,T:T,C:A,A:A,C:C,G:A,,,G:G,G:G,A:A,C:T,T:T,C:C,G:G,G:G,A:A,G:G,T:C,T:C,T:T,C:C,C:C,T:C,C:A,G:G,G:G,,G:A,,C:C,T:T,C:C,T:G,G:G,T:T,G:A,,T:T,A:A,A:A,T:C,G:G,A:A,G:G,T:T,C:A,G:G,T:T,G:A,A:G,T:T,G:A,,,G:G,,,G:G,G:A,C:C,C:C,T:C,G:A,C:T,T:T,A:A,G:G,T:T,G:A,T:T,G:A,,C:C,G:A,G:G,C:C,A:A,A:A,,G:G,T:C,G:G,C:A,G:G,C:C,C:C,,C:C,,C:A,C:C,T:T,A:A,G:A,G:G,G:A,,A:A,T:T,,A:G,,A:A,T:T,G:G,G:G,G:G,,C:C,,C:C,T:T,C:T,G:A,C:C,T:T,T:C,G:G,C:C,G:G,A:G,T:C,,T:G,G:G
4967_DLAB_003,45,4967,Lower Keys,24.47695,-81.9017,Rescue,Moody Gardens,Alive,4967_DLAB_3,G:A,G:G,T:T,T:C,C:T,G:G,G:G,T:C,A:A,T:T,T:T,T:T,T:T,A:A,T:C,C:T,,T:C,A:A,,C:C,A:G,G:G,G:A,,A:A,G:G,G:G,C:A,T:T,G:G,T:T,G:G,T:C,,T:C,C:C,C:C,T:T,G:G,C:T,G:G,T:T,A:A,G:A,C:C,A:A,A:G,,T:C,G:G,T:G,G:G,,,,C:A,T:T,G:A,G:G,A:A,T:T,A:A,G:G,,A:G,T:T,A:A,,C:C,G:A,,A:A,A:G,G:G,G:G,C:T,T:T,C:C,G:A,G:G,A:A,G:G,C:C,T:C,T:T,T:C,C:C,T:C,C:A,G:G,A:A,T:T,G:A,,T:T,T:C,T:C,G:G,G:G,C:C,G:A,,G:G,G:G,A:A,T:T,A:A,A:A,G:G,T:T,,G:G,T:T,G:A,A:G,T:T,G:G,A:A,,G:A,T:T,,A:A,A:A,C:C,T:T,T:T,G:G,C:T,,A:A,G:G,T:T,A:A,T:T,A:A,,T:C,G:G,G:G,C:T,A:A,A:A,G:A,G:G,T:T,,C:C,T:T,C:C,C:C,,T:C,,C:C,C:C,G:G,A:A,,G:G,G:A,,G:G,T:T,,G:G,G:G,A:A,T:T,G:A,G:G,,C:C,C:C,,C:A,T:T,C:T,G:A,C:T,C:C,T:C,G:G,C:C,G:G,A:G,T:T,G:G,T:G,A:A
4967_DLAB_004,46,4967,Lower Keys,24.47695,-81.9017,Rescue,Moody Gardens,Alive,4967_DLAB_4,G:G,G:G,,T:C,C:T,,G:G,T:T,G:A,T:T,T:T,T:T,T:T,G:G,C:C,C:T,,C:C,G:A,T:T,C:C,G:G,G:G,A:A,,C:A,A:A,T:T,A:A,T:T,G:G,T:G,G:G,C:C,,T:C,C:A,C:C,T:T,,C:T,G:G,C:C,G:A,G:A,C:A,G:G,A:G,C:C,T:C,G:G,T:G,G:G,,G:G,,C:A,T:T,G:A,G:G,C:C,T:C,A:A,G:A,,G:G,,C:A,A:A,,A:A,A:A,G:A,G:G,T:G,A:A,C:T,T:T,,G:G,G:G,G:A,G:G,T:C,T:T,T:T,T:C,C:C,T:C,C:A,G:G,G:G,C:C,G:G,,C:C,C:C,C:C,G:G,G:G,T:C,G:G,,T:G,A:A,A:A,T:T,A:A,,G:G,,,G:G,G:G,G:A,A:G,T:T,G:G,G:G,,G:G,,,A:G,G:A,T:C,C:C,T:C,A:A,C:C,,A:A,G:G,T:T,A:A,T:T,G:A,,C:C,G:G,G:G,C:T,A:A,G:G,A:A,G:G,T:C,G:G,C:A,,T:C,C:C,G:A,C:C,,A:A,C:C,,G:A,G:A,G:G,A:A,,G:G,T:T,,A:G,G:G,A:A,T:T,G:G,G:G,,T:C,C:C,,C:C,T:T,C:C,G:A,C:C,,C:C,G:A,C:C,A:A,G:G,T:C,G:G,T:T,G:G
4967_DLAB_005,47,4967,Lower Keys,24.47695,-81.9017,Rescue,SWCR,Alive,3921,G:G,G:G,C:C,C:C,,T:T,G:G,T:C,A:A,T:T,,T:T,T:T,A:A,C:C,C:C,G:G,C:C,G:A,T:T,C:T,G:G,G:G,G:A,,C:A,G:A,T:G,A:A,,G:G,T:G,G:G,T:C,T:G,T:T,C:C,T:C,T:T,G:G,C:C,,T:C,G:G,G:G,,G:A,G:G,C:C,T:T,A:A,T:T,G:G,,G:G,,C:A,T:G,A:A,,C:C,T:T,A:A,G:A,,A:G,T:T,A:A,A:A,C:C,G:G,A:A,A:A,G:G,T:G,G:A,C:T,T:T,C:A,G:A,,,G:G,C:C,T:T,T:T,C:C,C:A,T:C,A:A,G:G,G:A,,A:A,G:A,T:T,T:C,,G:G,G:G,T:C,G:A,,G:G,A:A,A:A,T:T,G:G,A:A,G:G,T:T,C:C,G:G,T:T,G:A,A:G,C:T,G:G,G:G,,A:A,T:T,T:G,A:G,G:G,C:C,T:C,T:T,A:A,C:C,,A:A,G:A,T:T,A:A,,G:A,,T:C,G:G,G:G,C:C,G:A,G:A,G:G,G:G,T:T,T:G,A:A,G:G,T:C,T:T,,C:C,A:G,A:A,C:C,G:G,G:A,G:A,G:G,G:A,,G:A,T:C,C:A,A:A,G:G,G:A,,G:G,G:G,T:G,T:T,T:T,G:A,C:A,T:C,T:T,A:A,C:C,T:T,T:C,G:A,C:C,A:A,G:G,T:C,G:G,T:T,G:G
4967_DLAB_006a,48,4967,Lower Keys,24.47695,-81.9017,Rescue,Moody Gardens,Alive,4967_DLAB_006_2,G:A,G:G,C:C,T:C,C:T,G:G,T:T,T:T,A:A,T:C,T:T,T:C,T:T,A:A,C:C,C:T,,C:C,A:A,T:T,C:C,A:G,A:G,G:G,,C:A,G:A,T:G,C:A,T:T,G:G,T:G,G:G,T:C,,T:T,C:C,C:C,T:T,G:G,C:C,G:G,C:C,A:A,G:G,C:C,A:A,A:G,C:C,T:C,A:A,T:T,G:G,,G:G,,A:A,T:G,G:A,,C:C,T:T,C:A,G:A,,G:G,,A:A,A:A,,G:A,,A:A,G:G,G:G,,C:T,T:G,C:C,G:G,G:G,G:A,G:G,C:C,T:C,G:G,T:C,C:C,T:C,A:A,G:G,G:G,T:T,G:G,,C:C,T:C,T:C,T:T,G:A,T:T,G:A,,G:G,G:A,A:A,T:T,G:A,G:G,G:G,,,G:G,G:G,G:A,A:A,C:T,G:G,G:G,,G:A,T:T,,G:G,A:A,T:C,T:C,T:C,G:G,C:C,,A:A,G:G,T:T,G:A,T:T,G:G,,C:C,G:G,T:G,C:T,G:A,G:A,G:A,G:G,T:T,G:G,C:C,T:T,C:C,C:C,,C:C,,C:A,T:C,G:G,G:A,,G:A,G:A,,G:G,T:T,,A:G,G:G,G:G,T:T,G:A,G:G,,T:C,T:C,,C:A,T:C,C:T,G:A,C:C,T:T,T:T,A:A,C:C,A:A,G:G,T:C,A:G,G:G,G:A
4967_DLAB_006b,49,4967,Lower Keys,24.47695,-81.9017,Rescue,Moody Gardens,Alive,4967_DLAB_6_1,G:G,G:G,C:C,C:C,C:T,T:T,G:G,T:C,A:A,T:T,,T:T,T:T,A:A,C:C,C:C,,C:C,G:A,T:T,C:T,G:G,G:G,G:A,,C:A,G:A,T:G,A:A,,G:G,G:G,G:G,T:C,,T:T,C:C,T:C,T:T,G:G,C:C,,T:C,G:G,G:G,,G:A,G:G,C:C,T:T,A:A,T:T,G:G,,G:G,,C:A,T:G,A:A,G:G,C:C,T:T,A:A,G:A,,A:G,T:T,A:A,A:A,C:C,G:G,,A:A,G:G,T:G,G:A,C:T,T:T,C:A,G:A,G:G,G:A,G:G,C:C,T:T,T:T,C:C,C:A,T:C,A:A,G:G,G:A,,A:A,,T:T,T:C,T:C,G:G,G:G,T:C,G:A,,G:G,A:A,A:A,T:T,G:G,A:A,G:G,T:T,C:C,,T:T,G:A,A:G,C:T,G:G,G:G,,A:A,T:T,,A:G,G:G,C:C,T:C,T:T,A:A,C:C,,A:A,G:A,T:T,A:A,T:T,G:A,,T:C,G:G,G:G,C:C,G:A,G:A,G:G,G:G,T:T,T:G,,G:G,T:C,T:T,G:A,C:C,,A:A,C:C,G:G,G:A,G:A,G:G,G:A,,G:A,T:C,,A:A,G:G,G:A,T:T,G:G,G:G,,T:T,T:T,,C:A,,T:T,A:A,C:C,T:T,T:C,G:A,C:C,A:A,G:G,T:C,G:G,T:T,G:G
4967_DLAB_006c,50,4967,Lower Keys,24.47695,-81.9017,Rescue,SWCR,Alive,3922,G:A,G:G,C:C,T:C,C:T,G:G,T:T,T:T,A:A,T:C,T:T,,T:T,A:A,C:C,C:T,G:G,C:C,A:A,T:T,C:C,A:G,A:G,G:G,,C:A,G:A,T:G,C:A,T:T,G:G,T:G,G:G,T:C,G:G,T:T,C:C,C:C,T:T,G:G,C:C,G:G,C:C,A:A,G:G,C:C,A:A,A:G,C:C,T:C,,T:T,G:G,,G:G,,A:A,T:G,G:A,,C:C,T:T,C:A,G:A,,G:G,T:T,A:A,A:A,C:C,G:A,,A:A,G:G,G:G,G:G,C:T,T:G,C:C,G:G,G:G,,G:G,C:C,T:C,G:G,T:C,C:C,T:C,A:A,G:G,G:G,T:T,G:G,G:A,C:C,T:C,T:C,T:T,G:A,T:T,G:A,,G:G,G:G,A:A,T:T,G:A,G:G,G:G,,,G:G,G:G,G:A,A:A,C:T,G:G,G:G,A:A,G:A,T:T,T:G,G:G,A:A,T:C,T:C,T:C,G:G,C:C,,A:A,G:G,T:T,G:A,,G:G,,C:C,G:G,,C:T,G:A,G:A,G:A,G:G,T:T,,C:C,T:T,C:C,C:C,,C:C,G:G,C:A,T:C,G:G,G:A,,G:A,G:A,,G:G,T:T,C:C,A:G,G:G,G:G,T:C,G:A,G:G,T:G,T:C,T:C,G:A,C:A,T:C,C:T,G:A,C:C,T:T,T:T,A:A,C:C,A:A,G:G,T:C,,G:G,G:A
4967_DLAB_007,51,4967,Lower Keys,24.47695,-81.9017,Rescue,Riverbanks Aquarium,Alive,4967_DLAB_7,G:G,G:G,,C:C,C:T,T:T,G:G,T:C,A:A,T:T,T:T,T:T,T:G,G:G,C:C,C:C,,T:C,A:A,G:G,C:T,G:G,G:G,A:A,,A:A,G:G,T:G,A:A,T:T,G:G,G:G,G:G,T:C,,T:T,C:A,C:C,T:T,G:G,T:T,G:G,C:C,A:A,G:A,C:C,G:A,A:A,C:C,T:T,A:A,T:T,A:G,,G:G,,A:A,T:T,G:G,G:G,A:A,T:C,C:C,A:A,,G:G,,C:A,C:A,T:T,G:A,,G:A,G:G,T:G,G:A,C:T,T:T,C:C,G:A,G:G,A:A,,T:C,T:C,G:G,T:C,C:C,T:C,C:A,G:G,G:A,C:C,G:G,,T:T,T:T,T:C,G:G,G:G,T:T,A:A,,G:G,A:A,C:A,T:T,G:G,A:A,G:G,T:T,,G:G,T:T,G:G,A:G,T:T,G:A,G:G,,A:A,T:C,,G:G,G:G,C:C,T:C,T:T,G:A,C:C,T:T,C:C,G:G,T:T,,T:T,G:A,,T:T,,G:G,C:T,A:A,A:A,G:G,G:G,T:T,G:G,A:A,G:G,T:C,C:C,G:A,,,A:A,C:C,T:T,G:A,A:A,G:A,A:A,,G:A,T:T,,G:G,G:G,A:A,,G:G,G:G,,T:T,C:C,G:G,C:A,T:C,C:T,G:A,C:C,T:T,C:C,A:A,C:C,A:A,G:G,T:T,A:G,T:T,G:A
5753_DLAB_001,52,5753,Lower Keys,24.50657,-81.6864,Rescue,FCRC,Alive,5753_DLAB_1,G:G,G:A,T:T,C:C,C:T,T:G,G:G,T:C,G:A,T:T,,T:T,T:T,A:A,C:C,C:C,,C:C,A:A,T:G,C:C,G:G,,G:A,,A:A,G:G,T:G,A:A,T:T,T:G,G:G,G:G,C:C,,T:T,C:C,C:C,T:T,G:A,C:T,G:G,C:C,G:G,G:G,A:A,A:A,G:G,C:C,T:C,A:A,T:G,A:G,,G:G,,A:A,T:T,G:A,,C:A,C:C,A:A,A:A,,G:G,,A:A,A:A,,G:A,,G:A,G:G,G:G,A:A,C:T,T:G,C:C,G:A,G:G,A:A,G:G,T:T,T:T,,C:C,C:A,T:C,C:A,G:G,A:A,T:C,G:A,,T:C,T:T,,G:G,G:A,T:C,G:A,,T:T,,A:A,T:T,G:A,A:A,G:G,C:C,C:C,G:G,T:G,G:G,A:G,C:T,G:G,G:G,,A:A,T:T,,G:G,A:A,C:C,C:C,T:T,G:G,C:C,T:T,A:A,G:G,T:T,A:A,T:T,G:A,,T:T,G:G,G:G,C:T,A:A,A:A,G:G,G:G,T:T,T:G,,T:T,C:C,C:C,G:G,C:C,,A:A,C:C,G:G,G:A,A:A,G:A,G:G,,G:A,T:T,,A:A,G:G,A:A,T:T,G:G,A:A,,,,G:G,A:A,T:C,C:C,A:A,C:C,C:C,T:C,G:A,C:C,A:A,A:A,C:C,G:G,T:G,G:G
5753_DLAB_002,53,5753,Lower Keys,24.50657,-81.6864,Rescue,FLAQ,Alive,5753_DLAB_2,G:G,G:A,,C:C,T:T,G:G,G:G,T:C,G:A,T:T,T:T,T:T,T:T,A:A,T:C,C:T,,T:T,A:A,T:T,C:C,G:G,G:G,G:G,,A:A,G:A,T:G,A:A,,G:G,G:G,A:A,C:C,,T:T,C:C,T:T,,G:A,C:T,G:G,C:C,G:A,G:A,C:C,G:A,G:G,C:C,T:C,A:A,T:T,A:G,,G:G,,C:A,,G:A,G:A,C:C,T:C,A:A,G:A,,A:A,T:T,A:A,A:A,T:C,G:G,A:A,A:A,G:G,T:T,G:A,C:T,T:G,C:C,G:A,G:G,A:A,G:G,T:C,T:T,T:T,C:C,C:A,T:C,A:A,G:G,G:A,T:T,G:G,,T:C,T:T,T:C,G:G,G:G,T:T,G:G,,T:G,A:A,C:C,T:T,G:A,G:G,G:G,T:T,C:A,T:G,T:G,G:G,A:G,T:T,G:A,G:G,,G:A,,,A:G,A:A,C:C,T:C,T:T,A:A,C:T,T:T,A:A,G:G,T:T,G:G,T:T,G:A,,C:C,G:A,G:G,C:T,A:A,G:A,A:A,T:G,T:C,G:G,A:A,T:T,C:C,C:C,,T:C,,A:A,C:C,G:G,G:G,G:A,G:A,G:A,,A:A,T:C,,A:G,G:G,A:A,C:C,G:G,G:G,G:G,C:C,C:C,,C:A,T:C,C:C,G:A,C:C,T:T,T:C,G:G,C:C,A:A,G:G,T:T,G:G,T:G,G:G
5753_DLAB_003,54,5753,Lower Keys,24.50657,-81.6864,Rescue,FLAQ,Alive,5753_DLAB_3,G:A,G:G,C:C,C:C,C:T,T:G,T:T,T:T,A:A,T:C,T:T,T:T,T:T,A:A,T:C,C:T,,T:T,G:A,,C:C,G:G,G:G,G:A,,A:A,G:A,T:G,A:A,T:T,G:G,G:G,A:G,T:C,,T:T,C:C,T:T,T:T,G:A,C:C,G:G,C:C,G:G,G:A,C:C,A:A,G:G,C:C,T:T,A:A,T:G,G:G,,G:G,,A:A,T:T,G:A,G:G,C:A,C:C,C:A,A:A,,G:G,T:T,A:A,A:A,,G:G,,G:G,A:G,G:G,G:A,C:T,T:T,C:C,G:A,G:G,G:A,G:G,T:C,T:T,T:G,C:C,C:A,T:C,C:A,G:G,G:G,T:T,G:A,,C:C,T:T,T:T,G:G,G:G,T:T,G:A,,T:T,A:A,C:A,C:C,A:A,A:A,G:G,C:C,C:C,G:G,T:T,G:G,A:A,C:T,G:A,G:A,,G:A,T:T,,A:G,G:A,T:T,C:C,T:C,G:A,C:T,T:T,A:A,G:G,T:T,G:G,T:T,G:A,,C:C,G:A,G:G,C:C,A:A,G:A,A:A,G:G,C:C,T:G,C:A,G:G,C:C,C:C,,C:C,,A:A,C:C,G:G,A:A,G:A,A:A,G:A,,G:A,C:C,,G:G,A:A,G:A,,G:G,G:G,,,T:T,,A:A,T:C,T:T,G:A,T:T,,C:C,G:G,C:C,G:G,A:G,T:C,A:G,G:G,G:A
5753_DLAB_004,55,5753,Lower Keys,24.50657,-81.6864,Rescue,Mote,Alive,5753_DLAB_4,G:G,G:G,C:C,T:C,C:T,G:G,G:G,T:C,A:A,T:C,T:T,T:T,T:T,G:A,C:C,C:C,,T:C,A:A,T:T,C:C,A:G,A:A,G:A,,A:A,A:A,T:G,A:A,,T:T,G:G,A:G,T:C,,T:T,C:A,C:C,T:T,G:G,C:C,G:G,C:C,G:G,G:G,C:C,A:A,A:G,C:C,T:T,G:G,T:G,G:G,,A:G,,C:A,T:T,G:G,G:G,C:C,T:T,A:A,G:A,,G:G,C:C,A:A,A:A,T:T,G:G,A:A,A:A,A:G,,G:A,C:T,T:T,C:C,G:A,G:G,A:A,G:G,C:C,T:T,T:G,C:C,C:C,T:C,A:A,G:G,G:A,,A:A,,C:C,T:C,C:C,T:G,G:A,C:C,G:G,,G:G,A:A,A:A,T:T,G:A,G:G,G:G,T:T,C:C,G:G,T:T,A:A,A:G,C:T,G:A,G:G,,G:A,C:C,,A:G,A:A,C:C,T:C,T:C,A:A,C:T,T:T,A:A,G:A,T:T,G:A,T:T,G:A,,C:C,G:A,G:G,C:C,A:A,G:A,G:G,G:G,T:C,T:G,C:A,T:G,C:C,C:C,G:A,C:C,,A:A,C:C,G:G,G:A,G:A,G:G,G:G,,G:A,T:C,,A:A,G:A,G:A,T:T,G:G,,G:G,C:C,C:C,,A:A,T:C,C:T,G:G,C:C,,C:C,G:G,C:C,G:G,G:G,C:C,G:G,T:T,G:A
5881_DLAB_001,56,5881,Lower Keys,24.48645,-81.8486,Rescue,Mote,Alive,5881_DLAB_1,G:G,G:G,C:C,C:C,C:T,T:T,G:G,T:C,G:G,C:C,T:T,T:T,T:T,G:A,T:C,C:C,,T:C,A:A,T:T,C:T,,,G:A,,A:A,G:A,T:G,A:A,T:T,G:G,T:T,G:G,T:C,,T:T,C:C,C:C,T:T,G:A,C:T,G:G,C:C,G:G,G:A,,G:G,G:G,C:C,T:T,A:A,T:G,A:G,,G:G,,C:A,T:T,G:G,G:G,A:A,C:C,A:A,A:A,,G:G,T:T,A:A,C:C,,G:A,,G:A,G:G,T:G,A:A,C:C,T:T,C:C,G:G,G:G,G:A,G:G,T:T,T:C,T:T,C:C,C:C,T:T,C:A,G:G,G:A,C:C,A:A,,C:C,T:C,T:T,G:G,G:A,T:T,G:A,,T:G,,A:A,T:C,,G:G,G:G,C:C,,G:G,T:G,G:G,G:G,T:T,G:A,G:A,,A:A,T:T,,A:G,A:A,,T:C,C:C,G:A,C:T,T:T,C:A,G:G,T:T,G:G,T:T,A:A,,C:C,G:G,G:G,C:C,A:A,G:G,A:A,G:G,T:C,G:G,,G:G,C:C,C:C,G:A,C:C,,A:A,C:C,T:G,G:G,G:A,G:G,G:A,,G:A,C:C,,G:G,,A:A,T:T,G:A,G:G,,T:C,C:C,,C:A,T:C,C:T,A:A,C:C,T:T,T:C,G:G,C:C,G:G,G:G,C:C,A:G,G:G,G:G
5881_DLAB_002,57,5881,Lower Keys,24.48645,-81.8486,Rescue,Mote,Alive,5881_DLAB_2,G:G,G:G,C:C,T:C,C:T,,G:G,T:T,G:A,T:T,T:T,T:C,T:T,A:A,,C:C,,T:T,G:A,T:T,T:T,G:G,G:G,A:A,,A:A,G:A,T:T,A:A,T:T,G:G,G:G,G:G,T:T,,C:C,C:C,C:C,T:T,A:A,C:C,,T:C,G:G,G:G,C:C,G:A,A:A,C:C,T:T,G:G,,G:G,,G:G,,C:A,T:T,G:G,,,T:T,,G:A,,G:G,,A:A,C:C,C:C,G:A,A:A,G:A,G:G,G:G,G:A,C:T,T:T,C:C,G:G,G:G,A:A,G:G,T:C,T:C,G:G,C:C,A:A,T:C,A:A,G:G,A:A,T:T,G:A,,C:C,T:T,T:C,G:G,G:A,C:C,G:A,,T:G,A:A,C:A,T:T,G:G,G:A,G:G,T:T,,G:G,T:T,G:A,A:A,C:T,G:G,G:G,,A:A,C:C,,A:G,G:A,C:C,C:C,T:C,A:A,C:T,T:T,A:A,G:G,,G:A,T:T,G:A,,T:T,G:A,G:G,T:T,A:A,G:A,A:A,G:G,T:T,G:G,A:A,T:G,C:C,C:C,,T:C,,A:A,C:C,G:G,G:G,G:A,G:G,G:A,,G:G,T:C,,A:G,,G:A,T:T,G:G,G:G,,C:C,,A:A,C:A,T:C,C:C,G:A,C:C,T:T,T:T,G:G,C:C,A:A,G:G,C:C,G:G,T:G,G:A
5881_DLAB_003,58,5881,Lower Keys,24.48645,-81.8486,Rescue,Mote,Alive,5881_DLAB_3,G:G,G:A,,C:C,C:T,G:G,G:G,C:C,A:A,T:T,T:T,T:T,T:G,A:A,T:C,C:T,,T:T,G:A,G:G,C:C,A:G,,G:A,,A:A,G:A,T:G,C:A,C:C,G:G,G:G,A:G,C:C,,T:T,C:A,C:C,T:T,A:A,C:T,G:G,T:C,A:A,G:A,,G:G,G:G,C:C,T:C,G:A,T:T,A:G,,G:G,,A:A,T:T,G:G,G:G,C:C,T:C,C:A,A:A,,G:G,C:C,C:A,C:A,,G:A,,G:A,G:G,G:G,G:A,C:T,T:T,C:C,G:G,G:G,A:A,G:G,T:C,C:C,T:T,T:C,C:C,T:T,C:A,G:G,G:G,T:T,G:G,,T:T,T:C,T:C,T:G,G:A,T:T,A:A,,T:T,A:A,A:A,T:T,,G:A,G:G,T:T,C:C,T:G,T:T,A:A,A:G,T:T,G:A,G:A,,G:G,C:C,,,A:A,C:C,T:C,T:C,A:A,C:T,T:T,C:C,G:G,T:T,G:A,T:T,G:A,,T:T,G:G,G:G,C:T,A:A,A:A,G:A,G:G,T:C,G:G,C:C,G:G,C:C,C:C,A:A,T:C,,C:A,C:C,G:G,G:G,G:A,G:G,G:A,,G:G,T:C,,G:G,G:A,A:A,T:T,G:G,,G:G,T:T,,G:G,C:A,T:C,C:C,G:A,C:C,T:T,T:C,G:A,C:C,A:A,G:G,C:C,G:G,T:T,A:A
5881_DLAB_004,59,5881,Lower Keys,24.48645,-81.8486,Rescue,Mote,Alive,5881_DLAB_4,G:A,G:G,,C:C,C:T,G:G,G:G,T:C,G:A,C:C,T:T,T:T,T:T,G:G,T:C,C:C,,T:C,A:A,T:T,C:C,G:G,G:G,A:A,,A:A,G:A,G:G,A:A,T:C,G:G,G:G,G:G,T:C,,T:T,C:A,T:T,T:C,G:G,C:C,G:G,T:C,G:G,G:A,C:C,G:A,G:G,C:C,T:C,A:A,T:G,G:G,,G:G,,C:A,,G:A,,C:A,T:C,C:A,G:A,,A:G,T:T,A:A,A:A,,G:A,A:A,A:A,G:G,T:G,A:A,C:T,T:G,C:A,G:G,G:G,A:A,G:G,T:C,T:C,T:T,T:C,C:C,T:C,C:A,G:G,A:A,T:C,G:A,,T:C,T:C,T:T,T:G,G:A,T:C,G:A,,G:G,G:A,C:A,T:T,G:G,A:A,G:G,T:T,A:A,G:G,G:G,G:A,A:A,T:T,G:A,G:A,,A:A,T:T,,G:G,A:A,C:C,T:C,T:T,A:A,C:T,T:T,A:A,G:G,T:T,G:A,T:T,G:A,,C:C,G:G,G:G,C:C,A:A,A:A,A:A,G:G,C:C,,C:C,,C:C,C:C,,T:C,,A:A,T:C,G:G,G:G,G:A,G:G,A:A,,G:G,T:T,,G:G,G:G,A:A,T:T,G:G,G:G,,T:C,C:C,,C:A,T:C,,A:A,C:T,T:T,T:C,A:A,C:C,A:G,A:G,C:C,G:G,T:T,G:G
6_DLAB_001,60,6,Dry Tortugas,24.6495,-82.8931,Rescue,Maritime Aquarium,Alive,1002,G:A,G:G,C:C,C:C,C:T,G:G,G:G,C:C,A:A,T:C,T:T,T:T,T:G,G:A,C:C,C:C,,T:T,A:A,T:G,C:T,G:G,,A:A,,A:A,G:G,T:G,A:A,T:T,T:G,T:T,A:G,T:C,,T:T,,T:T,T:T,G:A,C:C,G:G,C:C,,G:A,C:C,G:G,A:G,C:C,T:C,A:A,T:T,G:G,,G:G,,A:A,T:T,G:G,,C:A,T:C,C:A,A:A,,A:A,T:T,C:A,A:A,,,A:A,G:A,G:G,T:G,G:G,C:T,T:T,A:A,G:A,G:G,G:A,G:G,T:T,T:C,T:G,C:C,C:A,T:C,C:C,G:G,A:A,T:T,G:G,,,T:C,T:T,G:G,G:G,T:C,G:A,,T:G,A:A,A:A,T:C,A:A,A:A,G:G,,C:C,G:G,T:G,G:G,G:G,T:T,G:A,A:A,,G:A,T:T,,G:G,G:A,T:T,C:C,T:T,G:A,C:T,T:T,,G:G,T:T,A:A,T:T,G:A,,T:C,G:G,G:G,C:T,A:A,A:A,G:G,T:T,C:C,T:T,A:A,,C:C,T:T,G:A,C:C,,A:A,C:C,T:G,G:G,A:A,G:G,G:G,,G:A,T:C,,G:G,G:G,G:A,C:C,G:A,G:G,G:G,C:C,,,A:A,T:C,C:C,A:A,C:T,T:T,T:T,G:G,C:C,A:A,G:G,C:C,A:G,G:G,G:A
6_DLAB_003,61,6,Dry Tortugas,24.6495,-82.8931,Rescue,Blank Park Zoo,Alive,947,G:G,A:A,,C:C,C:T,T:T,G:G,T:T,A:A,T:T,,T:T,T:T,G:A,T:C,T:T,,T:T,A:A,G:G,C:T,G:G,G:G,A:A,,A:A,A:A,T:G,A:A,T:T,T:G,T:T,A:G,T:C,,T:T,C:A,T:C,T:T,G:A,C:T,G:G,C:C,A:A,G:G,C:C,A:A,A:G,C:C,T:C,A:A,T:G,G:G,,A:G,,A:A,T:T,A:A,G:G,C:C,T:T,A:A,G:A,,A:A,T:T,C:C,C:C,T:C,G:G,A:A,A:A,G:G,,G:G,C:T,T:T,C:C,A:A,G:G,G:A,G:G,T:C,T:C,T:G,T:C,C:C,T:C,C:A,G:G,G:A,,G:A,,C:C,T:T,T:T,G:G,G:A,T:C,G:A,,T:G,A:A,A:A,T:T,G:A,G:A,G:G,,A:A,G:G,T:T,G:G,A:A,T:T,G:A,G:G,,A:A,T:T,,G:G,G:A,C:C,T:C,C:C,G:A,C:T,,A:A,G:G,T:T,G:A,T:T,G:A,,C:C,G:G,G:G,C:C,A:A,A:A,G:G,G:G,T:T,G:G,C:A,T:T,C:C,C:C,G:A,T:C,,C:A,C:C,G:G,G:G,G:A,G:A,G:A,,G:G,T:T,,A:G,G:G,A:A,,G:G,G:G,G:G,T:C,C:C,,A:A,T:C,C:T,G:A,C:T,T:T,T:C,G:G,C:C,G:G,G:G,T:C,G:G,T:G,G:G
6_DLAB_004,62,6,Dry Tortugas,24.6495,-82.8931,Rescue,,Dead,934,G:G,G:G,C:C,C:C,T:T,T:T,G:G,T:T,A:A,T:T,T:T,T:C,T:T,G:A,C:C,C:C,,T:T,G:A,T:T,T:T,A:G,,A:A,,A:A,G:G,T:T,A:A,T:T,G:G,G:G,A:G,T:C,,T:C,,T:T,T:T,A:A,C:C,G:G,C:C,G:G,A:A,A:A,G:G,G:G,C:C,T:C,G:A,T:T,A:G,,G:G,,A:A,T:T,,G:G,C:C,T:C,A:A,A:A,,G:G,,C:A,A:A,,A:A,,A:A,G:G,G:G,G:A,C:T,G:G,C:C,G:A,G:G,A:A,G:G,T:C,T:T,T:T,C:C,C:A,T:C,A:A,G:G,G:G,,G:A,,C:C,T:C,C:C,G:G,G:G,T:C,G:A,,T:G,,A:A,T:T,A:A,A:A,G:G,T:T,A:A,G:G,G:G,G:A,,T:T,G:A,A:A,,G:A,T:T,,G:G,A:A,C:C,C:C,T:C,G:A,C:T,T:T,C:A,G:G,T:T,G:G,T:T,A:A,,T:T,G:G,G:G,C:C,A:A,G:A,G:A,G:G,T:C,G:G,C:C,G:G,T:C,T:T,G:A,T:C,,A:A,C:C,T:T,G:G,G:A,A:A,G:A,,G:A,T:C,,A:A,G:G,A:A,T:T,G:G,G:G,G:G,,C:C,G:G,A:A,T:T,C:T,A:A,C:C,T:T,T:C,G:G,C:C,A:A,G:G,C:C,G:G,T:G,G:G
6_DLAB_005,63,6,Dry Tortugas,24.6495,-82.8931,Rescue,National Aquarium,Alive,978,G:G,G:G,C:C,C:C,T:T,G:G,,C:C,A:A,T:T,T:T,T:T,T:G,G:A,T:C,C:T,,T:T,A:A,G:G,C:C,A:G,G:G,G:A,,A:A,G:A,T:G,A:A,T:T,T:G,,A:A,T:C,,T:T,C:C,T:T,T:T,G:G,C:C,G:G,C:C,A:A,A:A,C:C,,A:G,C:C,T:C,A:A,,G:G,,G:G,,A:A,T:G,G:G,G:G,C:A,T:C,A:A,A:A,,G:G,,A:A,A:A,T:T,G:G,A:A,G:G,G:G,G:G,G:A,C:T,T:T,C:C,G:G,G:G,G:A,G:G,T:T,T:T,T:G,C:C,C:C,T:C,C:A,G:G,G:A,T:C,G:G,,,T:T,T:T,G:G,G:A,T:C,G:A,,G:G,G:A,A:A,T:T,A:A,A:A,G:G,T:T,A:A,G:G,G:G,G:G,A:G,T:T,G:G,G:G,,A:A,T:C,,,A:A,C:C,C:C,T:T,A:A,C:T,T:T,A:A,G:G,T:T,G:G,T:T,G:G,,T:T,G:G,T:G,C:T,A:A,A:A,G:A,G:G,T:T,G:G,C:A,G:G,T:C,C:C,,,,A:A,T:C,G:G,G:G,A:A,G:G,A:A,,G:A,T:T,,A:G,,A:A,T:T,G:G,G:G,,,C:C,,C:C,T:C,C:C,G:A,C:C,,T:C,G:A,C:C,A:A,G:G,C:C,G:G,G:G,G:G
6_DLAB_006,64,6,Dry Tortugas,24.6495,-82.8931,Rescue,,Dead,941,G:G,G:A,T:T,C:C,T:T,G:G,G:G,T:C,G:A,T:T,T:T,T:T,T:T,G:G,C:C,C:C,,T:C,G:A,T:T,C:C,G:G,,A:A,,A:A,A:A,T:T,A:A,T:T,G:G,G:G,G:G,C:C,,T:T,C:A,T:T,T:C,G:A,T:T,G:G,T:T,G:A,G:A,,G:G,A:G,C:C,T:T,A:A,T:G,G:G,,G:G,,C:C,T:T,G:G,G:G,C:C,T:C,C:C,A:A,,G:G,T:T,A:A,C:C,,G:A,,A:A,G:G,T:T,G:A,C:T,T:T,C:A,G:A,G:G,A:A,G:G,T:C,T:T,T:T,,C:C,T:C,A:A,G:G,G:A,T:T,G:A,,C:C,T:T,C:C,G:G,G:G,C:C,A:A,,G:G,A:A,C:A,T:T,G:G,A:A,G:G,,C:A,T:G,T:T,A:A,G:G,C:T,G:G,G:A,,G:A,C:C,,A:G,G:A,C:C,C:C,T:C,A:A,C:T,T:T,A:A,G:G,T:T,G:A,T:T,A:A,,T:C,G:G,G:G,C:T,A:A,G:A,A:A,G:G,C:C,T:G,A:A,,C:C,C:C,G:A,T:C,,A:A,C:C,T:G,G:A,G:A,G:A,G:A,,A:A,T:C,,G:G,G:G,A:A,T:T,G:G,G:G,G:G,T:C,C:C,G:G,C:A,T:T,C:C,A:A,C:C,,T:C,A:A,C:C,G:G,G:G,C:C,G:G,T:G,A:A
6_DLAB_007,65,6,Dry Tortugas,24.6495,-82.8931,Rescue,FCRC,Alive,958,G:A,G:G,T:T,T:C,C:T,G:G,,T:T,G:A,T:T,T:T,T:T,T:G,G:A,C:C,C:C,,C:C,A:A,T:T,C:C,G:G,G:G,G:A,,A:A,G:G,G:G,C:A,T:T,G:G,T:T,A:G,T:C,,T:T,C:A,C:C,T:T,G:G,C:T,G:G,C:C,G:G,G:G,A:A,A:A,A:G,C:C,T:C,A:A,T:T,G:G,,G:G,,C:A,T:T,G:A,G:G,C:A,T:C,A:A,A:A,,A:G,,A:A,C:C,T:T,G:G,A:A,A:A,A:G,G:G,G:G,C:T,T:T,C:C,G:G,G:G,G:A,G:G,C:C,,T:T,C:C,C:C,T:C,C:A,G:G,G:A,T:T,G:A,,C:C,T:C,T:C,G:G,G:A,C:C,G:A,,T:T,G:G,C:A,T:T,A:A,A:A,G:G,T:T,A:A,T:G,G:G,G:A,A:A,C:T,G:G,A:A,,G:A,T:T,,G:G,G:A,T:T,T:C,T:T,G:G,C:T,T:T,A:A,G:G,T:T,A:A,T:T,G:A,,C:C,G:G,G:G,C:C,A:A,G:A,,G:G,T:T,T:T,C:C,,C:C,T:C,,T:C,,A:A,C:C,G:G,G:A,G:A,G:G,A:A,,A:A,T:T,,A:G,G:G,A:A,T:T,G:G,G:G,,,C:C,,,T:C,T:T,G:A,C:T,T:T,C:C,G:A,C:C,A:A,G:G,T:C,G:G,G:G,A:A
6_DLAB_008,66,6,Dry Tortugas,24.6495,-82.8931,Rescue,FCRC,Alive,989,G:A,G:G,C:C,C:C,C:T,,G:G,T:T,G:A,T:C,T:T,T:T,T:T,G:A,T:C,C:T,,C:C,A:A,T:G,C:T,G:G,G:G,G:G,,A:A,G:G,T:T,A:A,T:T,G:G,T:T,A:G,T:T,,T:C,C:A,C:C,T:T,G:G,C:C,G:G,T:T,A:A,G:A,C:C,G:A,A:G,C:C,T:C,A:A,T:T,G:G,,G:G,,A:A,T:T,G:A,G:G,C:C,T:C,A:A,A:A,,G:G,T:T,A:A,,T:C,G:A,,A:A,G:G,G:G,G:A,C:T,T:G,C:C,G:G,G:G,A:A,G:G,T:C,T:T,T:T,T:C,C:C,T:C,A:A,G:G,A:A,T:T,G:A,,T:T,C:C,T:T,T:G,G:G,T:C,G:A,,T:G,A:A,A:A,T:C,A:A,G:A,G:G,,,T:G,,G:A,A:G,T:T,G:G,A:A,,G:A,C:C,,G:G,G:A,T:T,T:C,T:T,A:A,C:T,T:T,A:A,G:G,,G:G,T:T,A:A,,C:C,G:G,T:G,C:C,A:A,G:A,G:A,G:G,T:C,T:T,C:A,,C:C,T:C,,C:C,,A:A,C:C,T:G,G:A,G:A,G:A,A:A,,G:G,C:C,,A:G,G:G,A:A,T:T,G:G,G:A,,C:C,C:C,,A:A,T:C,C:T,G:A,C:T,T:T,T:C,G:G,C:C,A:A,A:G,T:T,,T:T,G:A
6_DLAB_032,67,6,Dry Tortugas,24.6495,-82.8931,Rescue,,Dead,1007,G:G,G:A,C:C,C:C,C:T,G:G,G:G,T:T,A:A,C:C,T:T,T:T,T:T,G:G,C:C,C:T,,,A:A,T:T,C:C,G:G,G:G,,,A:A,G:A,T:G,C:A,,G:G,G:G,G:G,C:C,,T:T,C:A,C:C,T:T,G:A,C:T,G:G,T:C,A:A,G:G,,G:G,G:G,C:C,C:C,A:A,T:T,G:G,,A:G,,A:A,T:T,G:G,G:G,C:A,T:C,C:A,G:A,,G:G,T:T,C:A,A:A,T:T,A:A,,G:A,G:G,G:G,G:A,C:T,T:G,C:C,G:G,G:G,G:A,G:G,C:C,T:T,T:G,C:C,C:A,T:C,C:C,G:G,G:A,,G:A,,C:C,C:C,T:T,G:G,G:G,T:T,G:A,,T:G,A:A,A:A,T:T,A:A,A:A,G:G,,,G:G,G:G,G:G,A:A,T:T,G:A,A:A,,A:A,T:T,,G:G,G:A,T:C,C:C,T:C,A:A,C:T,T:T,C:C,G:G,T:T,A:A,T:T,G:A,,T:C,G:G,G:G,C:C,G:A,G:A,G:A,G:G,T:T,,A:A,T:T,T:C,T:C,G:A,C:C,,C:A,C:C,G:G,G:G,G:A,G:A,G:A,,G:A,T:C,,G:G,G:G,A:A,T:T,G:A,G:G,G:G,C:C,C:C,,A:A,C:C,C:T,A:A,C:C,T:T,C:C,G:A,C:C,A:A,G:G,T:C,G:G,T:G,G:G
6206_DLAB_001,68,6206,Lower Keys,24.47022,-81.8729,Rescue,FLAQ,Alive,001_B,G:G,G:G,C:C,T:C,T:T,G:G,G:G,C:C,A:A,T:T,T:T,T:T,T:T,G:A,C:C,C:T,,C:C,A:A,T:T,C:C,A:G,G:G,A:A,,A:A,G:A,T:G,C:A,T:C,G:G,T:T,A:A,T:C,,T:T,C:C,C:C,T:T,G:G,T:T,G:G,T:T,A:A,G:A,C:A,G:A,A:G,,T:T,A:A,T:G,A:G,,A:G,,A:A,T:T,G:G,G:G,C:C,T:C,C:A,G:G,,A:G,C:C,A:A,A:A,T:T,G:A,,A:A,G:G,G:G,G:A,C:T,T:G,C:C,G:G,G:G,G:A,G:G,C:C,T:C,T:T,T:C,C:C,T:C,C:A,G:G,G:A,T:T,G:G,,C:C,C:C,T:C,G:G,G:A,T:C,A:A,,T:T,A:A,C:A,T:T,G:G,A:A,G:G,T:T,C:C,G:G,T:T,G:G,A:G,C:T,G:G,A:A,,G:A,T:T,,G:G,A:A,C:C,T:C,C:C,G:A,C:C,T:T,A:A,A:A,T:T,G:A,T:T,G:A,,C:C,G:G,G:G,C:C,A:A,G:A,A:A,G:G,T:C,G:G,A:A,,T:C,C:C,,C:C,,C:A,C:C,,G:G,G:A,G:A,A:A,,G:A,T:T,,G:G,G:A,G:G,C:C,G:G,G:G,G:G,T:C,C:C,G:G,A:A,T:T,T:T,A:A,C:T,,T:C,G:G,C:C,A:A,G:G,C:C,A:G,T:G,G:G
6206_DLAB_002a,69,6206,Lower Keys,24.47022,-81.8729,Rescue,,Dead,002_B,G:A,G:G,,T:C,C:T,T:G,G:G,C:C,G:A,T:C,T:T,T:T,T:G,A:A,C:C,C:T,,C:C,A:A,T:T,C:T,,A:A,G:A,,A:A,A:A,G:G,A:A,T:C,G:G,T:G,G:G,C:C,,T:T,C:C,C:C,T:C,A:A,C:C,G:G,C:C,G:G,G:A,A:A,G:A,A:A,C:C,T:C,A:A,T:T,G:G,,G:G,,A:A,T:T,G:A,G:G,C:A,T:C,C:C,A:A,,A:G,,C:A,,,G:G,A:A,A:A,G:G,T:T,,C:T,T:T,C:A,A:A,G:G,G:G,G:G,T:C,T:C,T:G,C:C,C:A,T:C,C:A,G:G,G:A,T:T,A:A,,T:T,C:C,C:C,T:T,G:G,T:C,G:A,,G:G,G:G,C:A,T:T,A:A,A:A,G:G,T:C,C:C,T:T,G:G,G:G,A:G,C:T,G:G,G:G,,A:A,T:T,,A:G,G:A,T:C,,T:T,A:A,C:T,,A:A,G:G,T:T,G:G,T:T,A:A,,T:T,G:G,G:G,C:C,A:A,G:G,G:G,T:G,T:T,T:G,A:A,T:T,C:C,C:C,,C:C,,A:A,C:C,T:G,A:A,G:G,A:A,G:A,,G:A,T:T,,A:G,G:G,A:A,C:C,A:A,G:A,G:G,C:C,C:C,G:G,C:A,T:T,C:C,G:A,T:T,C:C,T:T,G:G,C:C,,A:G,T:C,G:G,T:G,G:A
6206_DLAB_002b,70,6206,Lower Keys,24.47022,-81.8729,Rescue,GA,Alive,002_B_1,G:A,G:G,,T:C,C:T,T:G,G:G,C:C,G:A,T:C,,T:T,T:G,A:A,C:C,C:T,G:G,C:C,A:A,T:T,C:T,G:G,A:A,G:A,,A:A,A:A,G:G,A:A,T:C,G:G,T:G,G:G,C:C,G:G,T:T,C:C,C:C,T:C,A:A,C:C,G:G,C:C,G:G,G:A,A:A,G:A,A:A,C:C,T:C,A:A,T:T,G:G,,G:G,,A:A,,G:A,,C:A,T:C,,A:A,,A:G,,C:A,,C:C,G:G,A:A,A:A,G:G,T:G,G:A,C:T,T:T,C:A,A:A,G:G,,G:G,,T:C,T:G,C:C,C:A,T:C,C:A,G:G,G:A,T:T,A:A,G:A,T:T,C:C,C:C,T:T,G:G,T:C,G:A,,G:G,G:G,C:A,T:T,A:A,A:A,G:G,T:C,C:C,T:T,G:G,G:G,A:G,,G:G,G:G,,,T:T,T:G,A:G,G:A,T:C,,T:T,A:A,C:T,C:C,A:A,G:G,T:T,G:G,,A:A,,T:T,G:G,G:G,C:C,A:A,G:G,G:G,T:G,T:T,T:G,A:A,T:T,,C:C,,C:C,A:A,A:A,C:C,T:G,A:A,G:G,A:A,G:A,,G:A,T:T,C:A,A:G,,A:A,C:C,A:A,G:A,G:G,C:C,C:C,G:G,C:A,T:T,C:C,G:A,T:T,C:C,T:T,G:G,C:C,,A:G,T:C,G:G,T:G,G:A
6206_DLAB_003,71,6206,Lower Keys,24.47022,-81.8729,Rescue,FLAQ,Alive,003_B,G:G,G:G,C:C,T:C,C:T,T:T,G:G,T:T,A:A,T:T,T:T,T:C,T:G,G:A,T:C,T:T,,T:T,G:A,,C:T,A:G,G:G,G:A,,C:A,G:G,T:T,A:A,T:T,T:G,T:G,A:G,C:C,,T:T,C:A,T:T,T:C,A:A,C:T,G:G,C:C,G:A,A:A,C:C,G:G,G:G,C:C,T:T,A:A,T:G,G:G,,G:G,,C:A,T:G,G:G,,A:A,C:C,A:A,G:A,,G:G,T:T,C:A,A:A,T:C,G:A,T:T,A:A,G:G,T:G,G:A,C:T,T:T,C:A,G:A,G:G,A:A,G:G,C:C,T:T,G:G,T:C,C:A,T:T,C:C,G:G,A:A,,G:G,,C:C,T:T,T:C,T:T,G:G,T:T,A:A,,T:G,A:A,A:A,T:C,G:A,A:A,G:G,T:C,C:C,G:G,T:G,G:A,A:G,C:T,G:G,G:G,,A:A,T:T,,G:G,G:A,T:T,T:T,T:T,G:A,C:T,,A:A,G:G,T:T,A:A,T:T,G:A,,T:C,G:G,T:G,C:C,A:A,A:A,G:A,T:G,T:T,G:G,C:C,G:G,T:C,T:T,G:A,C:C,,A:A,T:C,T:T,G:G,A:A,A:A,A:A,,A:A,T:C,,A:A,G:G,A:A,T:T,G:A,G:A,,,C:C,,C:A,T:T,C:T,G:A,C:C,C:C,C:C,A:A,C:C,G:G,G:G,C:C,A:G,T:G,G:G
6206_DLAB_004,72,6206,Lower Keys,24.47022,-81.8729,Rescue,Mote,Alive,004_B,G:G,G:G,C:C,C:C,T:T,T:T,T:G,T:T,G:A,T:T,T:G,,T:G,G:A,T:C,C:T,,C:C,G:A,T:G,C:C,G:G,G:G,A:A,,A:A,A:A,T:G,C:A,C:C,T:G,G:G,G:G,T:C,,T:T,C:A,C:C,T:C,G:G,,G:G,C:C,A:A,G:A,,G:A,G:G,C:C,T:T,A:A,T:T,A:G,,A:G,,A:A,,,G:G,C:C,C:C,A:A,G:G,,G:G,T:T,C:A,C:C,T:T,G:A,,G:A,G:G,G:G,G:A,C:T,G:G,C:A,G:G,G:G,G:A,G:G,C:C,T:T,T:G,C:C,C:C,T:C,A:A,G:G,G:G,T:T,G:A,,T:C,C:C,C:C,G:G,A:A,T:C,G:G,,G:G,G:A,C:A,T:T,A:A,A:A,G:G,T:T,C:C,G:G,G:G,G:A,G:G,C:T,G:A,A:A,,G:A,C:C,,G:G,A:A,C:C,C:C,T:T,A:A,C:T,,A:A,G:G,T:T,A:A,T:T,G:A,,C:C,G:G,G:G,C:C,G:A,G:A,G:G,G:G,T:C,T:G,,T:G,C:C,C:C,G:A,C:C,,A:A,C:C,G:G,G:A,G:A,G:G,G:G,,G:A,T:C,,G:G,G:A,A:A,,G:G,A:A,G:G,T:T,T:T,,C:C,T:T,C:T,G:A,C:T,T:T,T:C,G:G,C:C,A:A,G:G,T:C,A:G,T:T,G:G
6206_DLAB_005,73,6206,Lower Keys,24.47022,-81.8729,Rescue,Mote,Alive,005_B,G:G,G:G,,C:C,C:T,G:G,G:G,C:C,A:A,T:T,T:T,T:T,T:G,G:A,T:C,C:C,,C:C,A:A,G:G,C:C,,G:G,G:A,,A:A,A:A,T:G,A:A,T:T,G:G,T:T,G:G,C:C,,T:T,C:A,T:T,T:T,G:A,C:C,G:G,T:T,A:A,G:G,C:C,A:A,G:G,C:C,T:C,A:A,T:G,G:G,,G:G,,A:A,T:T,G:G,,C:C,C:C,A:A,G:G,,A:G,,C:A,C:A,T:C,G:G,,G:A,G:G,G:G,A:A,C:T,T:T,C:A,G:G,G:G,A:A,G:G,T:C,T:T,G:G,C:C,C:C,T:C,C:A,G:G,G:A,,G:A,,C:C,T:T,C:C,G:G,G:G,C:C,G:G,,T:G,A:A,C:A,T:C,G:G,A:A,G:G,,C:C,G:G,G:G,G:G,G:G,C:T,G:A,G:A,,A:A,C:C,,G:G,G:A,C:C,T:C,T:T,A:A,C:T,T:T,A:A,,T:T,A:A,T:T,G:G,,C:C,G:G,T:G,C:C,G:A,G:A,A:A,G:G,C:C,G:G,C:A,T:T,C:C,C:C,G:A,C:C,,C:C,T:C,G:G,G:A,G:A,A:A,G:A,,G:G,C:C,,G:G,G:G,G:A,T:T,G:G,G:A,G:G,T:T,,,C:C,C:C,C:T,A:A,C:C,C:C,T:T,G:A,C:C,A:A,G:G,C:C,G:G,T:T,G:A
6206_DLAB_006,74,6206,Lower Keys,24.47022,-81.8729,Rescue,Mote,Alive,006_B,G:G,G:G,T:C,C:C,C:T,T:G,,T:T,G:A,T:C,T:T,T:T,T:G,G:A,T:C,C:T,,C:C,G:A,T:T,C:T,G:G,,G:A,,A:A,A:A,G:G,C:A,T:T,G:G,G:G,G:G,T:C,,T:T,C:A,C:C,T:T,G:A,C:C,G:G,C:C,G:G,G:A,,G:G,A:G,C:C,T:T,G:A,T:G,A:G,,G:G,,A:A,T:T,G:G,G:G,A:A,T:C,A:A,G:G,,A:G,T:T,C:A,A:A,,A:A,A:A,G:A,G:G,G:G,,C:T,T:T,C:C,G:G,G:G,G:A,G:G,T:C,T:T,,C:C,C:C,T:C,C:A,G:G,G:A,T:T,G:A,,T:T,T:C,C:C,G:G,A:A,C:C,A:A,,T:T,A:A,A:A,T:T,G:A,G:G,G:G,,C:C,G:G,T:T,G:A,A:G,T:T,G:A,A:A,,A:A,T:T,,G:G,A:A,T:C,T:C,T:T,A:A,C:T,T:T,A:A,G:G,T:T,G:A,T:T,G:G,,T:T,G:G,G:G,C:T,A:A,A:A,G:G,G:G,T:C,T:G,C:A,T:T,T:C,C:C,,T:C,,A:A,C:C,G:G,G:G,G:A,G:A,A:A,,G:A,T:T,,A:G,G:G,A:A,T:T,G:G,G:G,,T:T,C:C,,C:A,T:T,C:T,A:A,C:T,T:T,C:C,G:G,C:C,G:G,G:G,T:T,G:G,T:T,G:G
6206_DLAB_007,75,6206,Lower Keys,24.47022,-81.8729,Rescue,Columbus Zoo,Alive,007_B,G:A,G:A,C:C,T:C,T:T,G:G,G:G,T:T,A:A,T:T,T:T,T:T,T:T,A:A,T:C,,,C:C,A:A,T:T,C:C,A:G,,A:A,,C:A,G:A,T:G,A:A,T:C,G:G,T:G,A:G,T:T,,T:T,C:C,C:C,T:T,G:G,C:T,G:G,C:C,G:A,G:G,C:C,G:A,A:G,C:C,C:C,G:G,T:T,A:G,,G:G,,A:A,T:T,G:A,G:G,C:C,C:C,A:A,G:A,,A:G,,A:A,A:A,C:C,G:G,A:A,G:A,G:G,,A:A,C:T,T:G,C:C,G:G,G:G,G:A,G:G,T:T,T:T,T:G,C:C,C:A,T:C,C:A,G:G,A:A,T:T,G:G,,C:C,C:C,T:C,G:G,G:A,T:C,G:A,,T:G,A:A,A:A,T:T,G:G,G:G,G:G,T:T,C:C,G:G,G:G,G:A,A:A,T:T,G:A,A:A,,A:A,T:T,,G:G,A:A,C:C,T:C,T:T,A:A,C:T,T:T,A:A,G:G,T:T,A:A,T:T,G:G,,C:C,G:G,G:G,T:T,G:G,G:G,A:A,G:G,T:C,T:T,C:C,T:T,T:C,C:C,,C:C,,C:A,C:C,G:G,G:G,A:A,G:A,G:A,,A:A,T:T,,A:A,G:A,A:A,C:C,G:G,G:G,,C:C,,,A:A,T:T,C:T,G:A,C:C,T:T,T:C,G:G,C:C,A:A,G:G,C:C,G:G,G:G,G:A
6206_DLAB_008,76,6206,Lower Keys,24.47022,-81.8729,Rescue,Mote,Alive,008_B,G:G,G:G,C:C,C:C,C:T,G:G,G:G,T:T,A:A,T:T,T:G,T:T,T:G,G:G,T:C,C:C,,T:C,A:A,G:G,C:C,,G:G,A:A,,A:A,A:A,T:T,A:A,T:T,G:G,G:G,G:G,T:C,,T:T,C:C,C:C,T:T,G:A,C:T,G:G,C:C,G:A,G:A,C:C,G:G,G:G,C:C,T:C,A:A,T:T,A:G,,A:G,,C:A,T:T,G:A,G:G,C:A,C:C,C:A,G:G,,A:G,T:T,C:C,A:A,,G:G,,A:A,G:G,T:G,,C:T,,C:C,G:G,G:G,A:A,G:G,C:C,T:T,T:T,T:C,C:C,T:C,A:A,G:G,G:A,T:C,A:A,,T:C,T:C,T:C,T:G,G:G,T:C,G:A,,T:G,A:A,,T:T,A:A,A:A,G:G,T:T,,G:G,G:G,G:G,A:G,T:T,G:G,G:G,,G:A,T:T,,A:G,G:A,T:C,T:T,T:C,A:A,C:T,,A:A,G:G,T:T,A:A,T:T,G:A,,,G:G,T:G,C:T,A:A,A:A,,G:G,T:C,T:G,C:C,T:G,,C:C,G:A,C:C,,A:A,C:C,G:G,G:A,G:A,G:A,G:A,,G:A,T:C,,G:G,G:G,A:A,T:T,G:G,G:G,,T:T,C:C,,C:A,T:T,C:T,G:A,C:C,T:C,T:C,G:G,C:C,A:A,A:G,C:C,G:G,T:T,A:A
6483_DLAB_001,77,6483,Lower Keys,24.44614,-81.91779,Rescue,Adventure Aquarium,Alive,6483_DLAB_1,G:A,G:G,,T:C,T:T,T:T,G:G,T:C,G:A,T:C,,T:T,T:T,A:A,C:C,C:T,,T:T,A:A,T:T,C:C,A:G,,G:G,,A:A,G:A,G:G,C:A,T:T,G:G,G:G,A:G,C:C,,T:T,C:C,C:C,T:T,G:A,C:C,G:G,T:C,G:A,G:G,,,G:G,C:C,T:T,A:A,T:G,G:G,,G:G,,A:A,T:T,G:A,G:G,C:A,C:C,C:A,G:A,,A:A,,C:A,C:A,,G:G,,A:A,A:G,G:G,,C:T,T:T,C:C,G:G,G:G,G:A,G:G,C:C,T:C,T:T,C:C,C:C,T:C,C:C,G:G,G:A,C:C,A:A,,,T:T,T:C,T:G,A:A,C:C,G:A,,T:T,A:A,C:A,T:T,G:A,G:G,G:G,T:T,C:C,G:G,T:T,G:G,A:A,C:T,G:A,G:G,,A:A,T:T,,G:G,G:A,C:C,T:T,T:T,A:A,C:T,T:T,C:A,G:G,T:T,G:A,T:T,A:A,,C:C,G:G,T:G,C:C,A:A,A:A,A:A,G:G,T:C,T:T,C:A,T:T,T:C,C:C,G:A,T:C,,A:A,C:C,G:G,G:G,,G:A,A:A,,G:G,T:C,,A:G,G:G,A:A,,G:G,G:G,,,C:C,G:G,A:A,T:T,C:C,A:A,C:T,T:T,T:C,G:A,C:C,G:G,A:G,T:C,A:G,T:T,G:G
6483_DLAB_002,78,6483,Lower Keys,24.44614,-81.91779,Rescue,Adventure Aquarium,Alive,6483_DLAB_2,G:G,G:G,C:C,C:C,C:T,,G:G,T:C,A:A,T:T,T:T,T:T,T:G,G:A,T:C,C:C,,T:T,A:A,T:T,C:T,G:G,G:G,G:A,,C:A,A:A,G:G,C:C,,G:G,T:T,A:G,T:C,,T:T,C:C,C:C,T:T,G:G,C:C,G:G,T:C,G:G,A:A,C:A,,A:G,C:C,T:T,G:G,T:G,G:G,,A:G,,C:A,,G:G,G:G,C:C,C:C,C:A,G:A,,G:G,T:T,A:A,C:A,T:C,G:A,,A:A,G:G,G:G,G:G,C:T,T:G,C:C,G:G,G:G,A:A,G:G,C:C,T:C,T:T,C:C,C:C,T:C,C:C,G:G,G:G,T:T,A:A,,T:C,T:C,T:T,G:G,G:A,T:T,G:A,,G:G,G:G,A:A,T:T,A:A,A:A,G:G,T:T,C:C,G:G,T:G,G:A,A:G,C:T,G:G,G:G,,A:A,T:T,,A:G,A:A,C:C,T:C,T:T,A:A,C:T,,A:A,G:G,T:T,A:A,T:T,G:A,,T:T,G:G,G:G,C:C,A:A,A:A,A:A,T:G,T:T,T:T,C:C,T:T,T:C,C:C,,C:C,,C:A,C:C,G:G,G:A,G:A,G:G,A:A,,G:A,C:C,,A:A,G:G,A:A,C:C,G:A,,G:G,,T:T,,A:A,T:T,C:T,A:A,C:C,T:T,T:C,G:G,C:C,A:A,,C:C,G:G,G:G,G:A
6483_DLAB_003,79,6483,Lower Keys,24.44614,-81.91779,Rescue,Adventure Aquarium,Alive,6483_DLAB_3,G:G,G:G,,T:C,C:T,T:G,,T:T,A:A,T:C,T:T,T:C,T:T,G:A,C:C,C:C,,C:C,G:A,G:G,C:C,G:G,A:A,A:A,,A:A,G:G,T:G,A:A,T:C,G:G,T:G,G:G,T:C,,T:T,C:A,,T:T,A:A,T:T,,C:C,G:A,A:A,C:C,,G:G,C:C,T:T,G:A,T:T,G:G,,A:G,,A:A,T:T,G:G,G:G,C:C,T:C,A:A,G:G,,A:G,T:C,A:A,C:A,,G:G,A:A,G:A,A:G,G:G,G:G,C:T,T:G,C:C,G:A,G:G,A:A,G:G,C:C,T:C,T:G,C:C,C:C,T:T,C:C,G:G,G:A,T:T,G:A,,,T:T,T:C,,G:G,T:C,A:A,,T:T,G:G,A:A,T:T,A:A,G:G,G:G,T:T,C:C,G:G,T:G,G:G,A:A,C:T,G:A,G:G,,,T:T,,G:G,G:A,T:C,C:C,T:C,A:A,C:T,T:T,,G:G,T:T,G:A,T:T,A:A,,C:C,G:G,G:G,C:C,A:A,A:A,A:A,T:G,C:C,T:G,C:C,G:G,C:C,C:C,G:A,C:C,,A:A,C:C,G:G,G:A,G:A,G:G,A:A,,G:A,T:T,,A:A,G:A,G:A,C:C,G:G,,,C:C,C:C,,A:A,T:T,C:C,A:A,C:T,T:T,T:C,G:G,C:C,A:A,A:G,C:C,G:G,T:G,G:G
6483_DLAB_004,80,6483,Lower Keys,24.44614,-81.91779,Rescue,Adventure Aquarium,Alive,6483_DLAB_4,G:A,G:G,T:T,C:C,C:T,T:T,G:G,T:C,A:A,T:T,T:G,T:T,T:T,A:A,T:C,C:T,,T:C,G:A,T:T,C:T,A:G,G:G,G:A,,C:C,G:A,T:T,C:A,,T:G,T:G,G:G,C:C,,T:C,C:A,C:C,T:T,G:G,C:C,G:G,C:C,G:G,G:G,C:C,,A:G,C:C,T:T,A:A,T:G,A:G,,G:G,,C:A,T:T,G:G,G:G,C:A,T:C,C:A,G:A,,G:G,,C:A,A:A,,G:G,A:A,,G:G,G:G,G:A,C:T,T:T,C:C,G:A,G:G,G:A,G:G,T:T,T:C,T:T,C:C,C:C,C:C,C:A,G:G,A:A,C:C,G:G,,T:C,T:C,T:C,G:G,G:G,T:T,A:A,,G:G,A:A,C:A,T:T,A:A,A:A,G:G,T:T,A:A,G:G,G:G,G:G,G:G,T:T,G:A,G:G,,A:A,T:T,,A:A,A:A,T:C,T:C,T:T,G:A,C:T,,C:A,A:A,T:T,A:A,T:T,A:A,,C:C,G:G,T:G,C:T,A:A,G:G,,G:G,C:C,G:G,C:C,G:G,C:C,T:C,,T:C,,C:A,T:C,T:G,G:G,G:A,G:A,G:A,,G:A,T:T,,A:G,A:A,G:G,C:C,G:G,G:G,,,,,C:A,T:C,C:C,A:A,C:T,T:T,T:C,G:G,C:C,A:G,G:G,C:C,G:G,T:G,G:G
6483_DLAB_005,81,6483,Lower Keys,24.44614,-81.91779,Rescue,Adventure Aquarium,Alive,6483_DLAB_5,G:G,G:G,C:C,T:C,C:T,G:G,G:G,T:T,G:A,T:C,T:T,T:C,T:T,G:A,,C:T,,C:C,G:A,T:T,C:C,A:G,,A:A,,A:A,G:A,T:T,C:A,T:T,G:G,T:G,G:G,T:C,,T:T,C:C,C:C,C:C,G:A,C:C,G:G,T:T,G:G,G:A,A:A,G:G,G:G,C:C,T:C,G:G,T:T,G:G,,A:G,,C:A,T:T,G:G,G:G,C:C,T:C,C:C,G:A,,A:G,,C:C,A:A,T:C,G:A,A:A,G:A,A:A,T:G,A:A,C:T,T:T,C:A,G:G,G:G,A:A,G:G,T:T,T:C,,C:C,C:C,T:C,C:C,G:G,G:A,T:T,G:G,,T:C,T:T,T:T,G:G,G:A,T:C,A:A,,G:G,A:A,A:A,T:C,G:A,G:A,G:G,T:T,A:A,G:G,T:T,G:A,A:G,T:T,G:A,G:G,,A:A,T:C,,A:G,G:G,C:C,C:C,T:T,G:A,C:T,T:T,A:A,G:G,T:T,G:A,T:T,G:G,,C:C,,G:G,T:T,,G:G,G:G,G:G,T:C,T:T,,,T:C,C:C,G:A,C:C,,C:C,T:C,T:T,A:A,G:A,A:A,A:A,,G:G,T:T,,A:G,G:G,A:A,T:T,G:G,,G:G,,T:C,G:G,A:A,T:C,T:T,G:A,C:T,T:T,T:C,G:G,C:C,A:A,G:G,T:C,G:G,G:G,G:G
ABE_DLAB_001a,82,ABE,Dry Tortugas,24.64165,-82.79081,Rescue,FCRC,Alive,1413,,G:G,,,,,,T:T,A:A,,T:T,T:T,T:T,G:G,T:C,C:T,,T:T,A:A,T:T,C:T,G:G,A:G,G:A,,A:A,G:G,G:G,,T:T,,T:T,A:G,T:C,,T:T,C:C,C:C,T:T,,C:T,G:G,C:C,G:G,,C:C,,A:G,,,G:G,T:G,A:G,,,,C:A,T:T,,,C:C,T:T,,G:A,,G:G,,C:C,A:A,,G:A,,G:A,,T:T,A:A,T:T,G:G,C:C,G:G,G:G,,,T:C,,G:G,,C:C,T:C,A:A,G:G,G:A,,A:A,G:A,,T:C,,T:G,G:A,T:T,,,,A:A,C:C,T:T,A:A,,G:G,,C:C,G:G,T:G,G:G,A:G,C:C,G:A,G:G,,G:A,,G:G,A:G,G:A,T:C,,T:T,A:A,C:T,,A:A,G:G,T:T,,T:T,G:G,,T:T,G:A,G:G,,G:A,G:A,G:G,G:G,,G:G,C:C,,T:C,C:C,,C:C,,A:A,C:C,G:G,G:A,G:A,G:A,G:A,,A:A,,,A:G,,A:A,,G:A,G:G,G:G,T:C,,A:A,,,C:C,A:A,,T:T,C:C,,C:C,A:G,G:G,C:C,G:G,G:G,
ABE_DLAB_001b,83,ABE,Dry Tortugas,24.64165,-82.79081,Rescue,FCRC,Alive,1413_1,G:G,G:G,C:C,C:C,C:T,,,T:T,A:A,T:T,T:T,T:T,T:T,G:G,T:C,C:T,G:G,T:T,A:A,T:T,C:T,G:G,A:G,G:A,,A:A,G:G,G:G,A:A,T:T,G:G,T:T,A:G,T:C,G:G,T:T,C:C,C:C,T:T,,C:T,G:G,C:C,G:G,G:A,C:C,,A:G,,T:T,G:G,T:G,A:G,,A:G,,C:A,T:T,G:G,,C:C,T:T,C:A,G:A,,G:G,,C:C,A:A,C:C,G:A,A:A,G:A,A:G,T:T,A:A,,G:G,C:C,G:G,G:G,,G:G,T:C,T:C,G:G,C:C,C:C,T:C,A:A,G:G,G:A,,A:A,G:A,C:C,T:C,C:C,T:G,G:A,T:T,G:A,,T:G,A:A,C:C,T:T,A:A,A:A,G:G,T:T,C:C,G:G,T:G,G:G,A:G,,G:A,G:G,,G:A,T:C,G:G,A:G,G:A,T:C,C:C,T:T,A:A,C:T,T:T,A:A,G:G,T:T,G:A,,,,T:T,G:A,G:G,C:T,G:A,G:A,G:G,G:G,T:C,G:G,C:C,,T:C,C:C,,C:C,G:G,A:A,C:C,G:G,G:A,G:A,G:A,G:A,,A:A,T:C,A:A,A:G,G:G,A:A,T:T,G:A,G:G,G:G,T:C,,A:A,C:A,T:C,C:C,A:A,,T:T,C:C,G:G,C:C,A:G,G:G,C:C,G:G,G:G,G:A
ABE_DLAB_002,84,ABE,Dry Tortugas,24.64165,-82.79081,Rescue,FCRC,Alive,1415,G:G,G:A,,T:C,C:T,T:T,G:G,T:T,G:A,T:C,T:T,T:T,T:T,G:A,C:C,C:T,,C:C,A:A,G:G,T:T,,G:G,G:A,,C:C,G:A,T:G,A:A,C:C,G:G,T:T,A:A,C:C,,T:C,C:A,C:C,T:T,G:A,T:T,G:G,C:C,G:G,G:A,A:A,A:A,A:G,C:C,T:T,A:A,T:G,G:G,,G:G,,C:A,T:T,G:G,,,T:C,A:A,A:A,,G:G,,A:A,A:A,C:C,G:G,A:A,A:A,A:A,G:G,G:A,C:T,T:T,C:A,G:A,G:G,G:A,G:G,,T:C,G:G,T:C,C:A,T:C,A:A,G:G,G:A,,G:G,G:A,C:C,T:T,T:T,,G:A,C:C,A:A,,G:G,A:A,A:A,T:T,G:G,A:A,G:G,,A:A,G:G,T:G,G:A,A:G,T:T,G:A,G:G,A:A,G:A,C:C,G:G,G:G,G:A,T:C,T:C,T:T,A:A,C:T,T:T,A:A,G:G,T:T,G:A,T:T,G:G,,T:T,G:G,G:G,C:T,A:A,A:A,G:G,T:G,,T:G,C:C,T:T,T:C,C:C,A:A,C:C,,A:A,C:C,G:G,G:A,G:A,A:A,G:A,,A:A,T:T,,A:G,G:G,A:A,,G:G,,G:G,C:C,,G:A,A:A,T:T,T:T,G:A,C:T,T:C,T:T,G:G,C:C,A:G,A:G,T:C,A:G,T:G,G:G
ABE_DLAB_003,85,ABE,Dry Tortugas,24.64165,-82.79081,Rescue,FCRC,Alive,1426,G:G,G:G,,,C:T,T:T,G:G,T:T,G:A,T:T,T:T,T:T,T:T,G:G,C:C,C:T,,T:T,A:A,T:G,C:C,G:G,G:G,G:A,,A:A,G:A,T:G,C:A,T:T,G:G,G:G,A:G,T:C,,T:T,C:C,C:C,T:T,G:G,C:C,G:G,T:T,A:A,G:G,A:A,A:A,G:G,,T:T,,T:T,G:G,,G:G,,A:A,T:T,G:G,G:G,,C:C,C:A,G:G,,A:G,T:T,C:A,A:A,C:C,G:A,,A:A,G:G,G:G,G:A,C:T,T:T,C:A,G:G,G:G,A:A,G:G,C:C,T:T,T:T,C:C,C:A,T:C,C:A,G:G,G:G,,A:A,G:A,C:C,T:C,T:C,T:G,G:A,T:T,G:A,,G:G,A:A,C:A,T:T,G:A,A:A,G:G,T:T,,G:G,T:G,A:A,A:G,T:T,G:A,G:A,A:A,A:A,T:T,T:G,A:G,A:A,T:C,C:C,C:C,A:A,C:C,T:T,A:A,G:A,T:T,G:A,T:T,G:A,,C:C,G:G,G:G,C:T,G:A,G:A,G:A,G:G,,T:G,C:C,T:T,T:C,C:C,G:A,C:C,,A:A,C:C,G:G,G:G,G:A,G:A,G:A,,G:A,T:T,,A:G,G:A,A:A,,G:G,G:G,G:G,T:C,C:C,A:A,C:A,T:T,C:T,G:G,C:C,T:T,T:C,G:G,C:C,A:A,A:G,C:C,A:G,T:T,G:G
ABE_DLAB_005,86,ABE,Dry Tortugas,24.64165,-82.79081,Rescue,FCRC,Alive,1419,G:G,G:G,,,,,G:G,T:T,A:A,T:T,T:T,T:T,T:G,A:A,T:C,C:T,,T:T,A:A,,C:T,G:G,,A:A,,A:A,G:A,T:G,A:A,,G:G,G:G,A:G,T:C,,T:T,,C:C,T:C,G:G,C:C,G:G,C:C,G:A,G:G,,G:A,A:G,C:C,T:T,,T:G,G:G,,A:A,,C:A,T:T,G:G,A:A,C:A,C:C,A:A,G:G,,A:G,T:T,C:C,A:A,,G:G,,G:A,G:G,G:G,G:G,C:T,T:T,C:C,G:G,G:G,G:A,G:G,,C:C,G:G,T:C,C:C,T:C,C:C,G:G,G:A,T:T,G:G,G:A,T:C,T:C,T:T,,G:A,T:C,G:A,,T:G,A:A,C:A,T:T,A:A,G:G,G:G,,A:A,G:G,T:T,G:A,A:A,T:T,G:G,A:A,,G:A,T:T,G:G,A:G,G:A,C:C,,T:C,G:G,C:T,T:T,A:A,A:A,T:T,A:A,T:T,,,T:T,G:A,G:G,C:T,G:A,G:A,G:A,G:G,,,A:A,T:T,C:C,C:C,G:G,C:C,,A:A,C:C,T:G,G:G,G:A,G:A,G:A,,G:G,T:C,,A:G,G:G,A:A,,G:G,G:G,,,C:C,A:A,C:A,T:C,C:C,G:G,C:C,T:T,C:C,G:A,C:C,A:A,G:G,C:C,G:G,T:G,G:G
ABE_DLAB_006,87,ABE,Dry Tortugas,24.64165,-82.79081,Rescue,FCRC,Alive,1430,G:G,G:A,,,T:T,T:T,G:G,T:C,G:A,T:T,T:T,T:T,T:T,G:G,T:C,T:T,,,A:A,T:T,C:C,G:G,G:G,G:A,,A:A,A:A,T:T,C:A,C:C,G:G,G:G,G:G,T:C,,T:T,C:A,T:C,T:T,G:G,C:C,G:G,C:C,G:G,G:A,C:C,G:G,A:G,C:C,T:C,G:G,T:T,G:G,,G:G,G:A,C:A,T:T,,,C:A,T:C,A:A,,,A:G,T:T,A:A,C:A,C:C,G:A,A:A,A:A,G:G,G:G,A:A,C:T,T:T,C:A,G:A,G:G,A:A,G:G,T:C,T:T,T:T,C:C,C:C,T:C,A:A,G:G,G:A,T:C,G:A,A:A,C:C,C:C,T:C,G:G,G:G,T:T,G:A,,T:G,,C:A,T:T,A:A,A:A,G:G,T:T,C:C,G:G,T:T,G:A,A:G,T:T,G:G,G:G,G:A,G:A,C:C,T:G,G:G,A:A,T:C,C:C,T:T,A:A,C:T,,A:A,G:G,T:T,A:A,T:T,G:A,,T:T,G:G,G:G,C:T,A:A,G:A,G:G,G:G,,T:G,C:C,,T:C,C:C,G:G,C:C,,C:C,C:C,G:G,G:G,G:A,G:G,G:A,,G:G,T:T,,A:A,G:G,G:A,,G:G,,,C:C,C:C,G:A,A:A,T:T,C:C,A:A,C:C,T:T,C:C,G:G,C:C,G:G,G:G,C:C,G:G,G:G,A:A
ABE_DLAB_007,88,ABE,Dry Tortugas,24.64165,-82.79081,Rescue,FCRC,Alive,1428,G:G,G:G,,,C:T,T:T,G:G,C:C,A:A,T:T,,T:C,T:T,G:A,T:C,C:C,,T:C,G:A,,C:C,A:G,,G:G,,,A:A,G:G,C:A,T:T,,G:G,G:G,C:C,,T:T,C:C,C:C,T:C,G:G,T:T,,T:C,G:A,,,A:A,G:G,C:C,T:T,,,A:A,,,,A:A,T:T,G:A,G:G,C:C,T:T,,G:G,,G:G,T:T,C:A,,,G:A,A:A,G:A,G:G,,G:G,C:T,T:T,C:A,G:G,G:G,G:A,G:G,,T:C,T:T,,C:C,T:C,C:A,G:G,G:A,,G:G,G:A,,T:T,T:T,T:G,G:A,T:T,,,,A:A,C:A,T:T,A:A,A:A,G:G,T:T,C:C,G:G,T:G,G:G,A:G,,G:A,A:A,,G:A,T:T,T:G,G:G,,C:C,,C:C,A:A,C:T,,,G:G,T:T,,T:T,G:G,,T:T,G:G,G:G,C:C,G:A,G:G,G:G,G:G,,G:G,C:C,T:G,C:C,C:C,,C:C,,A:A,C:C,G:G,G:A,,A:A,G:A,,G:A,T:T,,G:G,,G:A,,G:G,,,,C:C,A:A,,,C:T,G:A,C:C,,T:T,,C:C,G:G,G:G,C:C,G:G,G:G,G:G
BDAY_DLAB_001,89,BDAY,Dry Tortugas,24.731,-82.7969,Rescue,FCRC,Alive,2488,G:G,G:G,,,C:T,G:G,G:G,T:C,A:A,T:T,T:T,T:T,T:T,A:A,C:C,C:T,,T:T,G:A,T:T,C:C,G:G,,G:G,,A:A,G:A,T:G,A:A,T:T,G:G,G:G,,T:C,,T:T,C:C,T:C,T:T,G:G,C:T,G:G,C:C,A:A,G:A,,A:A,G:G,C:C,T:T,A:A,T:T,A:A,,A:G,A:A,A:A,T:T,G:A,G:G,C:C,T:T,A:A,G:A,,G:G,T:T,C:C,A:A,T:C,G:A,A:A,G:A,G:G,G:G,A:A,C:T,T:T,C:A,G:A,G:G,G:A,G:G,C:C,T:T,T:T,C:C,C:C,T:C,C:A,G:G,G:A,T:T,G:A,G:A,C:C,T:C,T:T,G:G,G:G,C:C,G:G,,G:G,A:A,A:A,T:T,G:A,A:A,G:G,T:T,C:C,G:G,T:T,G:G,A:G,,G:G,G:G,G:A,G:G,,T:G,G:G,A:A,T:C,C:C,T:T,G:G,C:C,T:T,A:A,G:G,T:T,A:A,T:T,G:A,,C:C,G:G,G:G,C:C,A:A,G:A,,G:G,,,C:C,G:G,T:T,T:T,G:A,C:C,,C:A,C:C,G:G,G:G,G:A,G:G,A:A,,A:A,T:C,,A:G,G:G,G:A,,G:G,G:G,,C:C,,A:A,C:A,C:C,C:C,A:A,C:C,T:T,T:C,G:G,C:C,A:A,G:G,T:T,,G:G,A:A
BDAY_DLAB_004a,90,BDAY,Dry Tortugas,24.731,-82.7969,Rescue,FCRC,Alive,2487,,,,,C:T,T:T,,T:T,A:A,,,,T:T,G:A,C:C,C:T,,T:T,,,C:T,A:G,,A:A,,A:A,G:A,T:T,,T:T,,T:G,A:G,C:C,,,C:A,C:C,T:C,A:A,,,C:C,,,C:C,,,C:C,,,T:T,A:G,,,,,,,,C:C,,,A:A,,G:G,T:T,C:A,A:A,,G:G,,A:A,,,,C:T,T:T,,G:G,G:G,A:A,,C:C,C:C,T:T,,,T:C,,G:G,G:A,C:C,G:A,A:A,,T:C,,G:G,,,,,,G:G,,T:T,A:A,G:G,G:G,T:T,,,G:G,G:G,A:G,T:T,G:A,G:G,,A:A,T:T,T:G,G:G,A:A,C:C,,T:C,A:A,C:T,T:T,,G:G,T:T,,T:T,G:A,,T:T,G:G,G:G,C:C,A:A,G:A,G:G,,,T:G,C:C,T:G,C:C,C:C,A:A,C:C,,A:A,C:C,G:G,G:G,A:A,G:A,,,G:A,T:T,,A:G,,G:A,,G:G,,G:G,C:C,C:C,G:A,,T:T,C:C,G:A,C:T,T:C,T:C,,C:C,G:G,G:G,C:C,G:G,T:G,
BDAY_DLAB_004b,91,BDAY,Dry Tortugas,24.731,-82.7969,Rescue,FCRC,Alive,2487_1,G:A,G:A,C:C,C:C,C:T,T:T,,T:T,A:A,T:T,,T:T,T:T,G:A,C:C,C:T,G:G,T:T,G:G,,C:T,A:G,G:G,A:A,,A:A,G:A,T:T,,T:T,G:G,T:G,A:G,C:C,,T:T,C:A,C:C,T:C,A:A,C:C,G:G,C:C,G:A,G:G,C:C,,G:G,C:C,T:T,A:A,T:T,A:G,,G:G,,,T:T,G:G,,C:C,C:C,,G:A,,G:G,T:T,C:A,A:A,C:C,G:G,,A:A,G:G,T:T,G:A,C:T,T:T,C:A,G:G,G:G,A:A,G:G,C:C,C:C,T:T,C:C,C:A,T:C,C:A,G:G,G:A,C:C,G:A,G:A,,T:C,,G:G,G:A,T:T,A:A,,G:G,G:G,A:A,T:T,A:A,G:G,G:G,T:T,,G:G,G:G,G:G,A:G,T:T,G:A,G:G,,A:A,T:T,T:G,G:G,A:A,C:C,,T:C,A:A,C:T,T:T,C:A,G:G,T:T,G:G,T:T,G:A,,T:T,G:G,G:G,C:C,A:A,G:A,G:G,G:G,C:C,T:G,C:C,T:G,C:C,C:C,,C:C,A:G,A:A,C:C,G:G,G:G,A:A,G:A,G:A,,G:A,T:T,,A:G,G:G,G:A,,G:G,,G:G,C:C,C:C,G:A,C:C,T:T,C:C,G:A,C:T,T:C,T:C,A:A,C:C,G:G,G:G,C:C,G:G,T:G,G:A
BDAY_DLAB_005a,92,BDAY,Dry Tortugas,24.731,-82.7969,Rescue,FCRC,Alive,2470,,,,,,,G:G,,A:A,,,,T:T,G:A,T:C,C:C,,T:T,,,C:C,A:G,G:G,,,A:A,G:G,,,,,T:T,G:G,C:C,,,C:C,,T:T,A:A,,,C:C,,,C:C,,A:G,C:C,,,,,,,,A:A,,,,C:C,,,G:A,,,,C:A,C:C,,G:G,,A:A,,,G:G,,,,G:A,G:G,,,T:C,T:T,,,,T:C,,G:G,,,,,,T:T,,,G:A,,,,,,,,A:A,,,,,,T:T,,A:G,T:T,G:A,,,A:A,T:T,,,G:A,,,T:C,,C:C,T:T,,G:G,,,,,,C:C,G:G,G:G,T:T,,A:A,G:G,,,G:G,C:A,G:G,T:T,,,T:C,,A:A,,T:G,,G:A,G:G,A:A,,G:A,,,A:G,,A:A,,G:G,A:A,,C:C,,,,,,G:A,,T:C,C:C,,,,A:G,,G:G,,
BDAY_DLAB_005b,93,BDAY,Dry Tortugas,24.731,-82.7969,Rescue,FCRC,Alive,2470_1,G:A,G:G,C:C,C:C,C:T,G:G,G:G,T:T,A:A,T:C,,T:T,T:T,G:A,T:C,C:C,G:G,T:T,A:A,,C:C,,G:G,G:A,,A:A,G:G,T:T,,,G:G,T:T,G:G,C:C,,T:T,C:C,C:C,T:T,A:A,C:C,G:G,C:C,,G:A,C:C,,A:G,C:C,T:T,A:A,T:T,G:G,,,,,T:T,G:G,,C:C,T:C,,G:A,,,T:T,C:A,A:A,,G:G,A:A,A:A,G:G,G:G,G:G,C:T,G:G,C:A,G:A,G:A,,G:G,T:C,T:T,,C:C,A:A,T:C,C:A,G:G,A:A,C:C,,A:A,T:T,T:T,T:C,G:G,,T:C,,,G:G,G:G,,T:T,A:A,G:A,G:G,T:T,,G:G,T:T,G:A,A:G,T:T,G:A,,,,,,A:G,G:A,C:C,,T:C,G:A,C:C,T:T,C:A,G:G,T:T,G:A,,G:G,,C:C,G:G,G:G,T:T,A:A,A:A,G:G,G:G,T:C,G:G,C:A,G:G,T:T,C:C,,T:C,A:A,A:A,C:C,T:G,G:A,G:A,G:G,A:A,,G:A,T:C,C:A,A:G,,A:A,T:T,G:G,A:A,G:G,C:C,,A:A,C:C,T:C,T:T,G:A,C:C,T:C,C:C,G:G,C:C,,A:G,C:C,G:G,T:T,G:G
BDAY_DLAB_006,94,BDAY,Dry Tortugas,24.731,-82.7969,Rescue,FCRC,Alive,2475,G:A,G:A,,,C:T,,T:T,T:C,A:A,T:T,T:T,,T:G,G:A,C:C,C:C,,T:C,G:G,,C:T,G:G,G:G,A:A,,A:A,G:A,T:T,A:A,T:T,G:G,T:T,G:G,C:C,,T:T,C:A,C:C,T:T,G:G,C:C,G:G,,G:G,G:G,,G:G,A:G,C:C,C:C,G:G,T:G,G:G,,G:G,G:G,C:A,T:T,G:A,G:G,C:A,T:C,A:A,A:A,,G:G,T:T,C:A,A:A,T:C,G:A,A:A,A:A,G:G,G:G,G:A,C:T,T:G,C:C,G:G,G:G,G:A,G:G,T:T,T:C,T:T,T:C,C:C,T:C,C:A,G:G,G:G,T:T,G:A,G:A,,T:C,T:T,G:G,G:G,C:C,G:A,,T:G,,A:A,T:T,A:A,G:G,G:G,T:T,C:C,G:G,T:T,G:A,G:G,C:T,G:G,G:G,A:A,A:A,T:T,G:G,G:G,G:G,T:C,T:C,T:C,G:A,C:T,,A:A,G:G,T:T,A:A,T:T,G:A,,T:T,G:G,G:G,C:C,G:A,G:G,A:A,G:G,,T:G,C:C,T:T,C:C,C:C,A:A,T:C,,A:A,C:C,G:G,G:A,G:A,G:G,G:G,,G:G,C:C,,A:G,G:G,A:A,,G:G,A:A,G:G,C:C,C:C,G:A,A:A,T:C,C:T,G:A,C:C,T:T,T:C,G:G,C:C,A:A,A:G,C:C,G:G,G:G,G:A
BDAY_DLAB_020,95,BDAY,Dry Tortugas,24.731,-82.7969,Rescue,FCRC,Alive,2490,G:G,G:G,,T:T,C:T,G:G,,T:T,A:A,T:T,T:G,T:T,T:T,G:A,T:C,C:T,,T:T,G:A,T:G,C:C,G:G,G:G,G:A,,A:A,G:A,T:T,C:A,T:T,T:G,G:G,A:A,T:C,,T:T,C:A,T:T,T:T,G:A,C:C,G:G,C:C,G:G,A:A,C:C,A:A,A:G,C:C,T:T,G:A,T:G,A:G,,A:G,,A:A,T:T,G:G,G:G,C:C,T:T,A:A,G:G,,G:G,T:T,C:C,C:A,C:C,G:G,,A:A,G:G,G:G,G:A,C:T,T:T,C:C,G:A,G:G,,G:G,T:T,C:C,T:T,T:C,C:C,T:C,A:A,G:G,G:A,,G:G,G:A,T:T,C:C,T:T,G:G,G:A,T:T,G:A,,T:G,A:A,C:A,T:T,A:A,G:A,G:G,T:T,C:C,T:G,G:G,G:G,A:A,C:C,G:A,G:G,A:A,A:A,T:T,T:G,A:G,G:A,C:C,C:C,T:T,G:G,C:C,T:T,C:A,G:G,T:T,A:A,T:T,G:A,,T:T,G:G,G:G,C:C,A:A,G:G,A:A,,,,C:C,,C:C,C:C,G:G,C:C,,A:A,C:C,G:G,G:G,G:A,A:A,G:G,,G:A,T:T,,G:G,G:A,A:A,,G:G,G:G,,C:C,T:T,A:A,C:A,T:T,C:T,G:A,C:T,T:T,C:C,G:G,C:C,A:A,G:G,T:C,G:G,T:T,G:A
BW16_DLAB_001,96,BW16,Marquesas Keys,24.47937,-82.1183,Rescue,FLAQ,Alive,454,G:G,G:A,C:C,T:C,T:T,G:G,G:G,T:T,G:A,T:T,T:T,T:T,T:T,G:A,T:C,C:T,,C:C,A:A,T:T,C:T,A:G,G:G,G:A,,A:A,A:A,,A:A,T:T,G:G,G:G,A:G,C:C,,T:T,C:A,T:C,T:T,G:A,T:T,G:G,C:C,G:A,G:A,C:C,G:G,G:G,C:C,T:C,A:A,T:T,G:G,,A:G,,C:A,T:T,G:A,G:A,C:C,C:C,A:A,G:G,,G:G,,C:A,A:A,,A:A,,A:A,G:G,G:G,G:G,C:T,T:G,C:C,G:G,G:G,G:A,G:G,T:C,T:C,G:G,C:C,C:A,T:C,C:A,G:G,G:A,T:C,G:G,,,T:T,T:C,T:G,A:A,T:C,G:G,,T:G,A:A,C:C,T:C,A:A,A:A,G:G,T:T,,G:G,T:T,G:G,A:A,T:T,G:G,G:G,,A:A,T:C,,A:G,G:A,C:C,C:C,T:T,G:A,C:T,,A:A,G:A,T:T,A:A,T:T,A:A,,T:C,G:G,G:G,C:C,A:A,G:A,G:A,G:G,T:C,T:G,C:C,T:G,C:C,T:C,A:A,T:C,,,T:C,G:G,G:A,G:A,G:G,G:A,,G:G,T:T,,A:A,G:G,G:A,,G:G,G:G,,,C:C,,C:A,T:C,C:T,A:A,C:T,T:C,T:C,G:G,C:C,A:A,A:A,T:T,G:G,T:G,G:A
BW16_DLAB_002,97,BW16,Marquesas Keys,24.47937,-82.1183,Rescue,FLAQ,Alive,441,G:G,G:A,C:C,C:C,C:T,G:G,G:G,T:T,A:A,T:T,T:T,T:T,T:T,A:A,T:C,C:T,,C:C,A:A,T:T,C:T,G:G,G:G,G:A,,A:A,A:A,G:G,C:A,T:T,G:G,G:G,G:G,C:C,,T:T,C:A,C:C,T:T,G:A,C:T,G:G,T:T,G:G,G:A,A:A,G:A,A:G,C:C,T:C,A:A,T:T,A:A,,A:G,,C:A,T:T,G:G,G:A,C:C,T:C,C:A,A:A,,G:G,T:T,C:A,A:A,C:C,A:A,,A:A,G:G,G:G,G:G,C:T,T:G,C:A,G:G,G:G,A:A,G:G,T:T,T:T,G:G,C:C,C:C,T:C,A:A,G:G,G:G,T:T,G:A,,T:T,T:T,T:C,T:G,A:A,T:C,G:A,,T:G,G:G,C:A,T:T,G:G,G:A,G:G,T:T,C:C,G:G,T:G,G:A,A:G,T:T,G:A,G:G,,A:A,C:C,,G:G,A:A,C:C,C:C,T:T,G:G,C:T,C:C,C:A,G:G,T:T,G:A,T:T,G:A,,C:C,G:G,G:G,C:T,A:A,G:G,G:A,G:G,T:T,G:G,C:A,T:T,C:C,C:C,G:A,C:C,,A:A,C:C,G:G,G:G,G:A,G:G,G:A,,G:A,T:C,,A:G,G:G,A:A,C:C,G:G,G:G,,C:C,T:T,,A:A,T:T,T:T,A:A,C:C,T:T,T:T,G:G,C:C,A:G,G:G,T:T,G:G,G:G,G:G
BW16_DLAB_003,98,BW16,Marquesas Keys,24.47937,-82.1183,Rescue,,Dead,480,G:G,G:G,,C:C,T:T,G:G,G:G,T:C,A:A,T:T,T:G,T:T,T:T,G:A,T:C,C:C,,C:C,A:A,T:T,C:C,A:G,,A:A,,A:A,A:A,G:G,A:A,T:T,G:G,T:T,G:G,C:C,,T:T,C:C,C:C,T:T,G:G,C:T,G:G,C:C,G:G,G:G,C:C,G:A,G:G,C:C,T:T,A:A,T:G,G:G,,G:G,,A:A,T:T,G:G,,C:C,T:T,A:A,G:A,,G:G,T:T,A:A,A:A,T:C,G:A,,G:A,G:G,T:G,G:A,C:T,T:T,A:A,G:G,G:G,A:A,G:G,C:C,T:C,T:T,C:C,C:C,T:C,C:A,G:G,G:A,T:T,G:G,,T:C,T:T,T:C,T:G,G:G,C:C,A:A,,G:G,G:G,A:A,T:T,G:A,G:A,G:G,T:T,A:A,T:G,T:T,G:A,G:G,T:T,G:G,G:G,,G:A,C:C,,A:G,G:G,T:C,T:C,C:C,G:A,C:T,T:T,A:A,G:G,T:T,G:A,T:T,G:G,,C:C,,G:G,C:C,G:A,G:A,A:A,T:G,C:C,G:G,C:C,T:G,,T:C,,T:C,,A:A,T:C,G:G,G:G,G:A,G:G,G:A,,G:A,C:C,,A:G,G:G,A:A,,G:G,G:A,G:G,C:C,C:C,G:G,C:A,T:T,C:T,A:A,C:C,,C:C,G:G,C:C,G:G,G:G,T:C,G:G,T:G,G:G
BW24_DLAB_001,99,BW24,Marquesas Keys,24.4652,-82.2025,Rescue,Butterfly Pavilion,Alive,601,G:G,G:G,,T:C,C:T,T:T,G:G,T:C,A:A,T:T,T:T,T:T,T:G,G:G,C:C,C:T,,T:T,A:A,G:G,C:T,G:G,,A:A,,A:A,A:A,T:G,A:A,T:T,G:G,G:G,G:G,C:C,,T:T,C:C,T:T,T:C,G:A,C:C,G:G,T:T,G:G,A:A,C:C,G:A,A:G,C:C,T:C,A:A,T:T,G:G,,G:G,,A:A,T:T,G:A,G:G,C:C,T:C,A:A,G:G,,A:G,C:C,A:A,,C:C,G:G,,A:A,G:G,G:G,G:G,C:T,T:G,C:C,G:A,G:G,A:A,G:G,C:C,T:T,G:G,C:C,C:A,T:C,A:A,G:G,A:A,T:T,A:A,,,T:T,T:C,T:T,G:G,C:C,G:A,,G:G,A:A,C:A,T:C,G:A,A:A,G:G,T:T,A:A,G:G,T:G,G:G,A:G,T:T,G:A,G:G,,G:G,,,A:G,A:A,C:C,T:T,T:C,A:A,C:C,T:T,A:A,G:G,T:T,A:A,T:T,G:G,,T:T,G:G,G:G,C:C,A:A,G:A,A:A,G:G,T:C,T:T,C:A,G:G,T:C,C:C,G:A,T:C,,A:A,C:C,G:G,G:G,G:A,A:A,A:A,,G:A,T:T,,G:G,G:G,A:A,T:T,G:G,G:G,,T:T,C:C,G:G,A:A,T:C,C:T,G:A,C:C,C:C,C:C,G:G,C:C,A:A,G:G,T:C,G:G,G:G,G:A
BW24_DLAB_002,100,BW24,Marquesas Keys,24.4652,-82.2025,Rescue,Omaha Zoo,Alive,608,G:G,G:A,C:C,C:C,C:T,G:G,,T:C,A:A,T:T,T:T,T:T,T:T,G:A,C:C,C:C,,T:T,A:A,,C:C,,A:G,G:G,,A:A,G:A,T:G,C:A,T:T,G:G,G:G,A:A,C:C,,T:T,A:A,T:T,T:T,G:G,C:T,G:G,C:C,G:A,G:A,C:C,A:A,A:G,,T:T,A:A,T:T,G:G,,G:G,,A:A,T:T,G:A,,C:C,T:C,A:A,G:A,,G:G,,A:A,A:A,,G:G,,A:A,G:G,G:G,G:G,C:T,T:T,C:C,G:G,G:G,G:A,G:G,T:C,T:T,T:T,C:C,C:C,T:C,A:A,G:G,G:A,T:T,G:A,,C:C,T:C,T:T,G:G,G:G,T:C,A:A,,G:G,A:A,A:A,C:C,A:A,A:A,G:G,T:T,A:A,G:G,T:T,G:G,A:G,C:T,G:G,G:G,,A:A,T:T,,G:G,A:A,C:C,C:C,T:C,A:A,T:T,T:T,A:A,G:G,,A:A,T:T,G:G,,T:C,G:G,G:G,C:C,A:A,G:A,A:A,G:G,C:C,G:G,C:C,G:G,C:C,T:C,G:A,T:C,,A:A,C:C,G:G,A:A,G:G,G:G,G:A,,G:G,T:C,,G:G,G:G,A:A,C:C,G:G,G:G,,T:T,C:C,,A:A,T:C,T:T,G:G,C:C,T:T,T:C,A:A,C:C,A:A,A:G,C:C,G:G,T:G,G:A
